,word,iliad_1,odyssey_1,corpus
0,ἄειδε,1,3,10
1,βούλεται,1,0,5
2,ἐξιέναι,0,1,2
3,ἐποίσει,1,0,2
4,εὐτείχεον,1,0,6
5,ἔσσ,0,1,2
6,αἴ,5,2,158
7,ἄλοχον,0,1,19
8,δῶμα,3,1,100
9,ἀνδράσιν,2,1,31
10,χρυσείοις,1,0,2
11,βούλευε,0,1,1
12,κατά,18,11,579
13,νόσφι,1,2,19
14,αἴθοπα,1,0,22
15,πωλέσκετο,1,0,3
16,φίλων,0,2,27
17,ποτ,7,1,103
18,εἰρύαται,1,0,4
19,ἴδωμαι,2,0,9
20,δόντες,1,0,3
21,κρειῶν,0,1,14
22,ἐστι,3,1,53
23,Ἀτρεΐδης,8,0,77
24,ἐλαύνετον,1,0,1
25,τίεν,0,1,5
26,Μυρμιδόνεσσιν,1,0,6
27,Ὀλύμπιος,5,0,21
28,πρῆσεν,1,0,1
29,πεφευγότες,0,1,1
30,μεθήσει,0,1,2
31,θαμβήσασα,0,1,2
32,δῶ,1,2,25
33,Ὀλυμπίου,0,1,4
34,οὗτος,0,2,34
35,ἅμα,9,2,140
36,αὐτοῖο,2,1,11
37,φερόμην,1,0,8
38,τίπτε,0,1,24
39,ποιμένα,1,0,29
40,μήτηρ,2,2,108
41,ἀλλότριον,0,1,2
42,γαῖαν,1,3,164
43,βροτοί,1,1,15
44,ὀνείαθ,0,1,14
45,μίνυνθά,1,0,8
46,αὐτή,1,0,60
47,ἶσον,2,0,20
48,παντοίων,0,1,6
49,ἐπικρατέουσιν,0,1,4
50,εὐχόμενος,3,0,31
51,παῖδά,1,0,7
52,κεῖνος,0,2,57
53,φράζεαι,1,0,1
54,ναίει,0,1,8
55,μυρί,1,0,6
56,μοῖραν,1,0,48
57,παιδί,0,2,26
58,ῥέζοι,0,1,6
59,ἦμος,2,0,38
60,λιπαρά,0,1,5
61,μολπή,0,1,1
62,ἄξιον,0,1,8
63,ἐτήτυμον,1,1,11
64,ἀγορητής,1,0,4
65,κληῖδ,0,1,1
66,γλυκίων,1,0,4
67,κεῖνον,0,3,26
68,λήθετ,1,0,6
69,Μυρμιδόνων,1,0,12
70,οἷόν,0,1,12
71,ὑπέμνησέν,0,1,1
72,τοῖσίν,0,1,4
73,τρυχόμενός,0,1,2
74,δάκρυ,3,0,52
75,ἄτην,1,0,8
76,τῆσδε,1,0,2
77,Κίλλαν,1,0,1
78,Τηλέμαχος,0,11,123
79,ὕμιν,0,2,3
80,οἱ,13,38,1130
81,ἐπείθετο,1,0,6
82,ὄφρα,6,5,197
83,δάσσαντο,1,0,1
84,δοῦρε,0,1,13
85,ξανθόν,0,1,2
86,βοητύς,0,1,1
87,ἔνδοθι,1,0,13
88,θυμός,4,2,222
89,διογενής,1,0,13
90,τήν,17,9,318
91,ἀρνύμενοι,1,0,1
92,νέοι,1,1,21
93,νήποινοί,0,1,2
94,μετέειπεν,2,0,21
95,ἄστεα,0,1,4
96,ὦχ,1,0,2
97,ὀνείδεα,1,0,7
98,ἱστοδόκῃ,1,0,1
99,λάβῃσιν,0,1,3
100,λέβητος,0,1,7
101,στίχας,0,1,31
102,θῆκε,1,1,38
103,κύπελλον,1,0,2
104,ἠδ,6,6,205
105,ἔτελλε,3,0,4
106,ὑψοῦ,1,0,9
107,Διός,11,3,255
108,οἶκόνδε,0,4,18
109,χεῖρας,4,3,117
110,ἕσπερος,0,1,3
111,ναῦται,0,1,7
112,κλείουσιν,0,1,1
113,ἐριζέμεναι,1,0,4
114,λίσσετο,2,0,3
115,λῆγε,1,0,2
116,φίλην,3,1,54
117,ἥψατο,1,0,4
118,ἑξείης,1,1,23
119,ἔεδνα,0,1,4
120,ἔρχεσθον,1,0,1
121,οἶον,0,2,33
122,τοῦ,5,10,228
123,κυνῶπα,1,0,1
124,στείρῃ,1,0,2
125,ἑτάρους,0,2,26
126,κατήλυθον,0,1,7
127,Τροίης,0,2,14
128,ἀτρεκέως,0,5,32
129,ἀρχός,2,0,9
130,δαΐφρονι,0,1,13
131,θεοῖο,3,0,16
132,νόστος,0,1,6
133,πατέρ,0,2,28
134,ἔχῃσιν,0,3,4
135,ἕνεκά,1,0,1
136,ἀχνύμενός,2,0,13
137,ὑψαγόρην,0,1,1
138,αὐτῆς,0,1,40
139,σταίη,0,1,1
140,ἐτάνυσσε,0,1,13
141,κηδομένη,3,0,6
142,Κρονίδη,1,2,10
143,Ἄϊδι,1,0,7
144,μάντιν,1,0,3
145,ἤϊ,1,0,2
146,ἅρπυιαι,0,1,3
147,ἥμιν,1,0,2
148,ἠπείροιο,1,0,9
149,ἐρίσαντε,1,0,1
150,ἐλέαιρον,0,1,1
151,οὐκί,0,1,10
152,καθ,0,1,41
153,ἠρήσαντο,0,1,7
154,ἦν,0,1,78
155,προβάλοντο,1,0,4
156,Ταφίοισι,0,2,2
157,μεγάροισι,1,2,75
158,μάλα,7,5,330
159,φέρουσα,0,2,23
160,ἀποτμότατος,0,1,1
161,νεικεῖ,1,0,1
162,δουροδόκης,0,1,1
163,ὀψιγόνων,0,1,4
164,Αἰθίοπας,0,2,2
165,ἑκατηβελέταο,1,0,1
166,ὑπερφιάλως,0,1,8
167,προσέφη,9,3,213
168,ἔτος,0,1,11
169,μεθέμεν,1,0,2
170,θεοπροπέων,1,0,3
171,ἐξ,6,7,276
172,παρέζετο,1,0,1
173,ἐπ,7,8,395
174,τιμήσουσι,1,0,3
175,τερπομένοισι,0,1,2
176,ὄρνις,0,1,14
177,ἔγχος,0,4,129
178,παῦε,1,0,2
179,ἔχε,0,1,56
180,τάδ,1,0,14
181,ἄιστος,0,1,1
182,πάϊς,0,2,78
183,εἴη,0,1,98
184,ἐρχομένοιο,0,1,3
185,φασι,0,2,12
186,ἀπείρονα,1,1,11
187,προβέβουλα,1,0,1
188,ἀρέσθαι,0,1,12
189,οἴῳ,1,0,11
190,ἑταίρων,0,1,38
191,ἄνδρεσσι,0,1,12
192,ὄλοισθε,0,1,2
193,ἕζοντο,0,1,6
194,σφώ,1,0,4
195,ἑκάεργον,2,0,2
196,ἀμβρόσια,0,1,3
197,ἀνέδυ,1,0,2
198,ἔχοντες,1,1,53
199,λεχέεσσι,0,1,12
200,κατ,4,1,148
201,ἵκοντο,2,0,40
202,ὁρᾶτο,2,0,3
203,στήτην,1,0,5
204,Κυκλώπεσσι,0,1,3
205,κίῃς,0,1,1
206,ἔλλαβε,0,1,16
207,ἀθανάτην,0,1,2
208,σπέσσι,0,2,7
209,ἀπηνέος,1,0,1
210,ἀσχαλόωσι,0,1,2
211,ἀκέων,2,0,13
212,ἄλλας,0,1,8
213,πέτασσαν,1,0,3
214,πύθεται,0,1,2
215,ἔπεισιν,1,0,3
216,ὁπποίης,0,1,2
217,μέλλεν,0,1,4
218,κρήδεμνα,0,1,7
219,χραίσμῃ,1,0,3
220,ἀπάνευθε,3,0,35
221,δαιδάλεον,0,1,3
222,ἄνακτος,2,0,71
223,ἱλασόμεσθα,1,0,1
224,ἔριδι,1,0,7
225,τό,15,1,296
226,ὅν,6,5,214
227,ἀμύμονος,0,1,41
228,κελόμην,1,0,5
229,λύσαιτε,1,0,1
230,καθῆστο,1,0,2
231,ἄλκιμος,0,1,18
232,αἴθ,1,0,13
233,ὀλέσῃς,1,0,1
234,ἔργα,2,2,127
235,Ἀχιλλεύς,12,0,173
236,ἐπιτηδές,1,0,2
237,κρήγυον,1,0,1
238,ὀμφαλός,0,1,1
239,ἄμμε,1,0,13
240,δέμας,1,0,42
241,πέλεται,1,1,10
242,ἐκπέρσωσ,1,0,1
243,κοιμᾶθ,1,0,2
244,βαῖνον,1,0,5
245,ἐναλίγκιος,0,1,9
246,ἐμοί,6,2,169
247,εἵνεκα,3,0,47
248,οὔρεά,1,0,1
249,καλόν,1,6,67
250,ἔτεκές,1,0,1
251,ἀπάνευθεν,0,1,9
252,προέρυσσεν,1,0,1
253,ἐρέτας,2,0,4
254,ἡγήτορι,0,1,3
255,ἀπορραίσει,0,1,1
256,τεταρπόμενός,0,1,1
257,ποίης,0,1,3
258,τίσειαν,1,0,1
259,μηροῦ,1,0,16
260,ὀρχηστύς,0,1,1
261,στέμματ,2,0,2
262,Δαναοῖσιν,2,0,16
263,λόγοισιν,0,1,1
264,ῥέξας,1,0,7
265,δεύτατος,0,1,2
266,τραπέζας,0,1,9
267,οἶος,1,2,66
268,ἐρέοντο,1,0,5
269,ἠρήσατο,1,0,4
270,αὔριον,0,1,10
271,ὕπατε,0,2,4
272,νέηαι,1,0,1
273,ἀνείρεαι,0,1,8
274,ἔφησθα,1,0,4
275,ἥνδανε,2,0,11
276,ἀταρτηροῖς,1,0,1
277,ἄγων,3,1,32
278,Ἴλου,0,1,4
279,θεράποντες,0,1,19
280,φθινύθεσκε,1,0,1
281,αὐτοῦ,3,1,172
282,ἁζόμενοι,1,0,2
283,χωομένοιο,1,0,4
284,ἄναξ,4,1,93
285,ἦλθεν,0,1,48
286,θ,6,0,219
287,ξυνίει,0,1,5
288,ἀγάννιφον,1,0,2
289,ἀλόχῳ,1,1,15
290,ὅσσα,0,2,26
291,οὕς,0,2,59
292,ἐπελθών,0,1,15
293,θέσαν,1,0,20
294,Φόρκυνος,0,1,3
295,κείνῳ,0,1,15
296,κῆρυξ,0,2,35
297,Διί,2,0,78
298,δέχθαι,2,0,2
299,δεσμῶν,1,0,2
300,στέμμα,1,0,1
301,ᾤχετο,2,1,16
302,θύγατρα,3,0,7
303,ἔοικας,0,1,12
304,ἄρσας,0,1,1
305,κείμενα,1,0,2
306,φάρμακον,0,1,8
307,ἀπατηλόν,1,0,1
308,φρένας,2,1,61
309,ἴμεν,1,1,57
310,κάρη,0,1,71
311,ἀοιδόν,0,2,11
312,λάβε,2,0,24
313,πᾶν,2,0,26
314,μνάασθαι,0,1,1
315,ἠτίμησεν,2,0,3
316,καρπαλίμως,2,0,42
317,νίζον,0,1,1
318,τελέσσω,1,0,2
319,ἵλαος,1,0,2
320,αὐτίκ,2,0,80
321,ὑγρήν,0,1,7
322,ἐφθίαθ,1,0,1
323,πολύφρονα,0,1,5
324,ἀποπαύεο,1,0,1
325,ἀνηρείψαντο,0,1,5
326,εὐνάς,1,0,8
327,ἰών,3,0,88
328,νῆσος,0,1,5
329,τεῦχε,1,0,5
330,λιλαιόμενόν,0,1,1
331,ἀντιόωσαν,1,0,1
332,παρήμενος,2,2,8
333,πρότερος,1,0,33
334,ὅτε,5,3,390
335,ἥλοισι,1,0,2
336,χέρνιβα,0,1,7
337,ἐμῶν,0,2,8
338,ἐντός,1,0,21
339,νέηται,0,2,3
340,ἀλεγύνετε,0,1,3
341,ἔξαγε,1,0,1
342,μνήσασα,1,0,1
343,ἀνελών,1,0,2
344,καθεζώμεσθα,0,1,2
345,προΐει,2,0,21
346,Ἥφαιστος,2,0,23
347,Μερμερίδαο—,0,1,1
348,ἄλλους,1,0,55
349,ὅρκος,1,0,3
350,κάλλιπεν,0,1,3
351,νηυσί,7,1,96
352,χεῖρ,0,1,16
353,Φήμιε,0,1,1
354,οἰωνοπόλων,1,0,2
355,ἐμῇ,1,0,11
356,ἔχθιστος,1,0,4
357,ἱερά,1,1,14
358,οὔτ,4,5,134
359,ὀνειροπόλον,1,0,1
360,ἀχνύμενος,1,0,7
361,πόθι,0,1,6
362,θυμῷ,7,5,230
363,ἠέ,3,5,190
364,δῶκεν,0,2,24
365,ὅδ,1,3,29
366,κομίσαντο,1,0,1
367,ἠέλιος,1,0,34
368,Μέντῃ,0,1,2
369,καρτίστοις,1,0,1
370,ἠώς,1,0,25
371,φύντες,0,1,3
372,νύμφη,0,2,11
373,παλιμπλαγχθέντας,1,0,1
374,κατέρεξεν,1,0,6
375,δέος,1,0,22
376,μέγαν,3,1,74
377,ποικίλον,0,1,10
378,νοστῆσαι,0,1,5
379,ὀλέκοντο,1,0,1
380,ἐπέσσυται,1,0,3
381,φλοιόν,1,0,1
382,τεκοῦσα,1,0,1
383,ὑπ,1,0,140
384,τεύξουσι,0,1,3
385,Ἀθηναίης,1,0,15
386,παλαιοί,0,1,2
387,μελαίνῃ,3,0,39
388,φάσθαι,1,0,11
389,ὄφελλεν,1,0,2
390,φίλῃ,3,0,8
391,ἱερεύς,1,0,1
392,ἔρανος,0,1,1
393,ἄγχι,0,1,54
394,θεοείκελ,1,0,2
395,ἑκάτοιο,1,0,4
396,δολομῆτα,1,0,1
397,ἧος,1,0,22
398,εἰ,16,9,399
399,ἑσπόμεθ,1,0,1
400,σύν,8,2,214
401,κούρην,4,0,21
402,αἰπύν,0,2,25
403,κάματος,0,1,6
404,ἔριδος,2,0,17
405,σύμπαντας,1,0,1
406,ἤγαγον,0,1,10
407,δύναται,0,1,16
408,διά,2,0,168
409,ἀνάσσοι,0,1,2
410,Λήμνῳ,1,0,3
411,βωμόν,2,0,6
412,κακῷ,0,1,10
413,χαλκοβατές,1,0,6
414,μίστυλλόν,1,0,8
415,Εὐρυβάτην,1,0,1
416,μεθομίλεον,1,0,1
417,χραίσμωσιν,1,0,1
418,παρέσσεται,1,0,4
419,ἀρνεῖται,0,1,2
420,οὐδ,15,4,482
421,Ἀχιλεύς,1,0,35
422,ἄνωγα,0,1,13
423,ἀνέρας,1,0,17
424,τάνυσσαν,1,0,3
425,κυνός,1,0,3
426,πέφραδ,0,1,6
427,μητέρα,0,2,23
428,ἔκλυε,3,0,14
429,Ταφίων,0,1,2
430,ἐπιβώσομαι,0,1,2
431,ἀείδοντες,1,0,2
432,βασιλεύς,3,0,14
433,ἀναβάς,1,0,7
434,οἴχετ,0,1,3
435,λιμένος,1,0,13
436,σφῶϊ,1,0,10
437,νεμεσήσεαι,0,2,3
438,ἀρήγειν,1,0,2
439,οἰωνῶν,0,1,4
440,δέσματ,0,1,1
441,ἐνῆεν,1,0,1
442,ἵκανεν,1,0,13
443,σφιν,3,1,103
444,Τρώεσσιν,2,0,49
445,νεωτέρω,1,0,1
446,οἰνοχόει,1,0,2
447,κοτέσσεται,0,1,3
448,Ἠετίωνος,1,0,10
449,ἔσεαι,1,0,2
450,δυνήσεται,0,1,5
451,θυγάτηρ,2,4,52
452,κήδετο,1,0,4
453,ἠδέ,2,6,318
454,κρατέειν,1,0,1
455,Ἀγχιάλοιο,0,2,2
456,ἔχειν,1,0,9
457,Ἰθάκηνδ,0,1,1
458,ἠπείλησεν,1,0,4
459,Θησέα,1,0,2
460,πρῶτος,1,1,54
461,Ὀδυσῆος,1,4,64
462,ἑλόντ,1,0,2
463,κρατέει,1,0,4
464,ἕκαστα,1,0,36
465,εἰλαπίνη,0,1,1
466,ὄναρ,1,0,4
467,σχίζῃς,1,0,2
468,εἶπας,2,0,3
469,φέρει,0,2,17
470,ἴσαν,1,1,35
471,εἶναι,3,8,137
472,Διΐ,2,0,17
473,νοῆσαι,2,1,9
474,λαῶν,3,0,106
475,Ἥρη,11,0,99
476,μεγάθυμοι,2,0,9
477,πόποι,1,2,51
478,ἀγέμεν,2,0,7
479,ἀμείνων,1,0,20
480,ἔπε,0,1,6
481,αἰγῶν,3,0,21
482,λῆγ,2,0,3
483,ξείνοιο,0,1,5
484,ἀλφηστῇσιν,0,1,1
485,εἴποι,1,0,11
486,πίθηαι,1,1,4
487,ἐπεπείθεθ,1,0,3
488,κεῖσε,0,1,8
489,λήσομαι,0,1,1
490,καλέουσι,1,0,7
491,ἔδωκε,0,1,34
492,ἀγόρευεν,0,1,6
493,ἶσα,0,1,14
494,πρῶτον,2,0,87
495,λοεσσάμενός,0,1,2
496,ἐπιχθόνιοι,1,0,1
497,θεός,2,0,131
498,ἔπειτ,6,2,103
499,Ὀρέσταο,0,1,1
500,πολύ,5,1,107
501,μειδήσασα,1,0,2
502,ἵν,0,1,46
503,ἕζετ,1,0,17
504,γῆμ,0,1,1
505,ἔπειτα,9,11,349
506,εἴσεται,1,0,4
507,πολύμητις,2,0,85
508,πυρί,1,0,56
509,οἴη,1,1,19
510,λίπ,1,0,14
511,ὑμά,0,1,2
512,ἄρα,6,4,575
513,ἡμέων,0,1,9
514,ὦ,4,2,179
515,ἐλαφρότεροι,0,1,1
516,ὀφρύσι,1,0,15
517,ἐμά,1,0,15
518,μόρον,0,3,14
519,ἐφεστάμεν,0,1,1
520,περί,8,5,354
521,οἶκος,0,1,9
522,ἀκούοντες,0,1,4
523,ἀπ,2,0,106
524,μάχεσθαι,3,0,105
525,ὠκύς,6,0,39
526,ποτί,2,0,65
527,ποίησεν,1,0,2
528,ἐόντος,0,1,16
529,ἐφήσεις,1,0,2
530,ἀθανάτοισιν,3,1,33
531,ὁ,2,8,298
532,πανημέριοι,1,0,6
533,αἰεί,6,5,163
534,κειμήλιον,0,1,4
535,κατέρυκε,0,1,11
536,τέ,4,7,117
537,Ἀχαιΐδα,1,0,6
538,θοῆς,0,1,4
539,ἐρέω,4,0,64
540,κιών,1,0,27
541,κόμιζε,0,1,3
542,δίπτυχα,1,0,4
543,πόλλ,0,2,59
544,φίλα,1,1,34
545,ἀπέτισεν,0,1,2
546,τηλόθ,0,1,5
547,προθέουσιν,1,0,1
548,ἤθελον,1,0,7
549,ἑκάεργος,1,0,12
550,σύ,20,2,373
551,ἐτέλεσσας,1,0,2
552,οὐλομένην,1,0,3
553,τοῦτο,2,2,41
554,κοιμήσαντο,1,0,8
555,κλαῖεν,0,1,6
556,ἀνάποινον,1,0,1
557,ἔφ,1,0,3
558,ἐπιειμένε,1,0,1
559,τεόν,2,0,19
560,πεσόντα,1,0,12
561,μετέφη,1,0,14
562,ἤν,2,2,31
563,αἶψά,1,1,16
564,μέλας,0,1,2
565,ἐρέουσα,1,0,4
566,ταῦθ,1,0,10
567,μαλακοῖσι,0,1,2
568,ὑπελύσαο,1,0,1
569,ἀδάκρυτος,1,0,1
570,ἐδήσατο,0,1,12
571,μετάλλα,1,0,3
572,ποθέεσκε,1,0,1
573,σπλάγχνα,1,0,7
574,Ἐξάδιόν,1,0,1
575,εἴπῃς,2,0,4
576,θαλπωρή,0,1,3
577,πεπνυμένον,0,1,3
578,ἐπαλαστήσασα,0,1,1
579,λυγρόν,0,1,16
580,τρύχουσι,0,1,3
581,κτεινομένους,1,0,3
582,χρή,1,2,55
583,ταλασίφρονος,0,2,11
584,πεσσοῖσι,0,1,1
585,βασιλῆες,0,1,16
586,ἀποιχομένου,0,1,1
587,μητιόωντες,0,1,2
588,ἐποτρύνω,0,1,2
589,ῥέζων,0,1,4
590,ἐλεύσεσθαι,0,1,11
591,κραδίην,2,0,15
592,Πηλεΐδη,1,0,6
593,ἐποίχεσθαι,0,1,6
594,ὡς,6,5,539
595,θεράποντε,1,0,6
596,ἡμῖν,4,2,69
597,δικαζέμεν,1,0,1
598,νόος,0,1,40
599,ἀγορήν,3,2,33
600,πάροιθ,2,0,6
601,ἐκ,10,8,557
602,ἀνδροφόνον,0,1,1
603,βλάπτουσι,0,1,1
604,τηλόθι,1,0,9
605,ἡδύν,0,1,7
606,σύνθεο,1,0,9
607,μενέαινεν,0,1,2
608,ἀντιάσας,1,0,1
609,βασιλῆϊ,2,0,12
610,φῶτες,0,1,5
611,ἐμόν,4,2,104
612,μελήσεται,1,0,1
613,δυωδεκάτη,1,0,6
614,καταπέψῃ,1,0,1
615,τοί,2,4,171
616,ἀμῦναι,3,0,9
617,ἄχος,1,0,45
618,ὑβρίζοντες,0,1,6
619,ἐστόν,1,0,3
620,προσέειπε,6,2,128
621,πλεόνεσσι,1,0,9
622,τί,11,4,219
623,ἐκπάγλως,1,0,8
624,Ἠελίοιο,0,1,13
625,περιφραζώμεθα,0,1,1
626,Νηίῳ,0,1,1
627,δυσμόρῳ,0,1,3
628,εἴσιδ,0,1,1
629,θῖνα,1,0,18
630,πόνου,1,0,9
631,ἀντιβίην,1,0,3
632,οὐρῆας,1,0,1
633,Νέστορα,0,1,9
634,ἕν,0,1,8
635,ἀλεγίζεις,1,0,1
636,φιλοκτεανώτατε,1,0,1
637,βασιλῆα,1,1,20
638,ἐφ,0,1,47
639,ἐχεπευκές,1,0,2
640,ἀντάξιον,1,0,2
641,ἡδυεπής,1,0,1
642,ξύν,0,1,9
643,ἐμπάζεο,0,2,2
644,γενεῇ,0,1,12
645,Ἀχιλλεῦ,1,0,22
646,τόδ,1,2,47
647,ἵππους,1,0,194
648,δοκέουσι,0,1,2
649,ἀρήξειν,1,0,2
650,ἄξω,1,0,4
651,κυλίνδει,0,1,2
652,βωτιανείρῃ,1,0,1
653,ἐμῷ,1,0,39
654,νήποινον,0,2,6
655,πεπίθοιμεν,1,0,1
656,ᾧ,3,2,92
657,εἵλετο,0,1,38
658,ἑκατόμβας,1,0,20
659,κόμης,1,0,1
660,ἔπεα,1,1,128
661,εἴπω,0,2,48
662,ὀμίχλη,1,0,1
663,ἕλωμαι,2,0,5
664,Πριάμοιο,1,0,69
665,τίμησόν,1,0,1
666,φορμίζων,0,1,3
667,ἑλίκωπες,1,0,3
668,θρόνον,0,1,10
669,ἐυξόου,0,1,1
670,ἡμένη,1,0,3
671,στεναχίζω,0,1,4
672,νώμησαν,1,0,4
673,Φθίην,1,0,8
674,θύρην,0,1,8
675,βασιλῆος,2,0,20
676,δαμᾷ,1,0,1
677,ὅππως,1,2,19
678,ὀλίγος,1,0,4
679,εὐρύ,3,1,39
680,κάμω,1,0,1
681,σφοῦ,1,0,1
682,ἀναφαίνεις,1,0,1
683,ἔδειραν,1,0,3
684,Ἀτρεΐδα,2,0,3
685,λιλαιομένη,0,1,5
686,σφάζουσι,0,1,2
687,πόρε,1,0,24
688,τηλεκλυτός,0,1,1
689,φώς,0,1,18
690,κίονα,0,1,5
691,κῆρ,3,2,75
692,μέν,48,36,1880
693,ἠχήεσσα,1,0,1
694,μέγ,2,0,64
695,Αἴας,1,0,98
696,φίλης,0,2,11
697,Νέστωρ,1,0,59
698,χέων,1,0,8
699,ἕζετο,4,1,32
700,εἵνεκ,1,0,13
701,μεγάλ,2,0,18
702,ἔτισας,1,0,1
703,θείοιο,0,1,43
704,γέρας,13,0,39
705,βρῶσίν,0,1,5
706,ἀνέρι,0,1,9
707,ἀλωῆς,0,1,8
708,ἰσόθεος,0,1,14
709,πατρώιος,0,1,1
710,ἐστέ,1,0,5
711,κέ,2,2,113
712,φύγεν,0,1,12
713,δμώων,0,1,11
714,ἔδεισεν,2,0,8
715,λεύσσετε,1,0,1
716,ὤμοισιν,1,0,24
717,φέριστε,0,1,5
718,ἑρπύζοντ,0,1,1
719,ἀποτείσομεν,1,0,1
720,ἱλάσκεσθαι,1,0,1
721,μῆλ,0,1,6
722,ὀλίγον,1,0,20
723,ἀσκελές,0,1,2
724,αἰνά,1,0,4
725,θέσπιν,0,1,3
726,μαντοσύνην,1,0,1
727,μῆρε,1,0,2
728,Κάλχας,1,0,4
729,τότε,7,1,170
730,ἄλγε,2,1,22
731,νύ,4,6,117
732,πότνι,0,1,3
733,πόλις,0,1,28
734,θαρσήσας,1,0,4
735,ἑλοῦσα,1,0,14
736,ἄγουσι,1,0,4
737,τοῦδ,1,0,8
738,πόντῳ,0,2,43
739,ἐγώ,18,8,528
740,Ἴλιον,1,0,85
741,ὠκύμοροί,0,1,3
742,κάκιστον,0,1,1
743,νηός,3,2,96
744,ποτε,7,3,77
745,ἀπειπέμεν,0,1,1
746,προκείμενα,0,1,14
747,σκήπτρῳ,2,0,8
748,πτόλεμόν,1,0,2
749,περ,15,8,494
750,ξύνιεν,1,0,1
751,θεόν,2,2,33
752,Βριάρεων,1,0,1
753,κατέδυ,2,0,12
754,μαχεσσαμένω,1,0,1
755,προτόνοισιν,1,0,3
756,ξεῖνον,0,1,36
757,βουλήν,1,1,27
758,ἄλλοισιν,1,0,8
759,γέροντ,0,1,1
760,θνητῶν,2,1,11
761,δαιτός,3,1,23
762,ἐσσι,3,2,50
763,παρέζεο,1,0,1
764,Δαναῶν,4,1,71
765,ἐξεπράθομεν,1,0,1
766,κνίσῃ,1,0,5
767,κατερύκεται,0,1,3
768,ἀνάσσοις,0,1,1
769,συμπάντων,1,0,2
770,ἀναβᾶσα,0,1,6
771,Χρυσηΐδα,4,0,4
772,Ὀδυσῆι,0,2,7
773,Ζεῦ,2,1,51
774,πᾶσιν,4,1,68
775,Χρύσην,6,0,6
776,ἀγορεύεις,1,1,36
777,Πυλίων,1,0,9
778,χολωθείς,1,0,7
779,καλλιπάρῃον,6,0,8
780,ἤϊε,2,0,9
781,πόδας,6,1,85
782,ἔθεσαν,1,0,5
783,διογενές,1,0,31
784,ἕκαστος,1,1,66
785,ἡ,0,6,146
786,παρ,1,2,111
787,Εὐρύμαχος,0,1,15
788,αὐτῶν,1,2,47
789,ἀργεϊφόντην,0,2,5
790,εἴσω,1,0,52
791,αὐδή,1,0,2
792,Ζεύς,11,3,253
793,μυθήσασθαι,2,0,18
794,μυθήσεαι,0,1,2
795,ἐγείνατο,0,1,5
796,βλεφάροισι,0,1,8
797,ἰφθίμους,1,0,3
798,ἐμεῖο,4,0,51
799,ἔχετ,1,0,5
800,ἐφορμᾶται,0,1,4
801,ἱστόν,3,1,39
802,κίθαρις,0,1,3
803,ὑψιβρεμέτης,1,0,6
804,δεύῃ,0,1,1
805,ἔχω,1,0,9
806,ἐελδόμενος,0,1,1
807,ἔκρινεν,1,0,1
808,ἵει,1,0,13
809,τῳ,1,0,6
810,Κρονίωνα,2,0,10
811,ἔσται,4,2,57
812,ἐθέλω,1,1,22
813,πίθηται,1,0,2
814,αἶψα,1,0,96
815,ἅμ,1,2,117
816,ἄλλο,1,0,60
817,εὔξαντο,1,0,4
818,ἐπασσύτεροι,1,0,2
819,λίσσομ,1,0,4
820,κέλεαι,1,0,9
821,τόνδ,1,0,11
822,ἀποείπω,0,1,1
823,ἀρησαίατ,0,1,1
824,Ἀχιλῆα,1,0,23
825,Ὀλύμπου,1,0,5
826,τι,17,6,408
827,πτύξασα,0,1,2
828,ἐκεῖνος,0,1,6
829,συμφράσσατο,2,0,4
830,ἀποδοῦναι,1,0,3
831,ἐν,26,27,1417
832,ἄμυνον,1,0,3
833,μητρός,0,1,25
834,ἀείδειν,0,2,6
835,Κύκλωπος,0,1,3
836,ἐπικρήηνον,1,0,3
837,ἔστων,1,1,2
838,μεῖζον,1,0,14
839,εὖτ,1,1,15
840,ἀντιβίοισι,1,0,1
841,Ὀδυσῆα,0,4,59
842,ποῦ,0,1,14
843,ἀμφί,1,0,264
844,καθίκετο,0,1,1
845,ἄκουσα,1,0,10
846,Ἀγαμεμνονίδης,0,1,1
847,γενοίατο,0,1,4
848,μεμαῶτα,1,0,20
849,πόλεμοί,1,0,2
850,φάος,1,0,34
851,ἀργαλέος,1,0,4
852,ἀρχῆς,0,1,5
853,ἄφαρ,2,1,34
854,ἄκοιτιν,0,1,18
855,ἀνθρώποισιν,0,1,19
856,ἱκέσθην,1,0,6
857,Μουσάων,1,0,1
858,πρώτιστα,1,0,10
859,ὀίομαι,0,1,4
860,διέτμαγεν,1,0,5
861,ἔρχεσθ,0,1,10
862,ἀπώσει,1,0,1
863,Ἀργείων,2,2,70
864,ἐτράπετ,1,0,9
865,ἄπο,0,1,50
866,γενεήν,0,1,17
867,Σίντιες,1,0,1
868,ἀγλαά,3,0,33
869,μεθέπεις,0,1,1
870,τιμήσῃς,1,0,1
871,ὕστατα,1,0,7
872,ταμίη,0,1,18
873,Ποσειδάων,1,3,53
874,ἀνέστη,2,0,21
875,δυνήσεαι,2,0,3
876,μνῶνται,0,1,6
877,πλεῖον,1,0,5
878,τηλίκος,0,1,4
879,ἄλλοι,6,7,176
880,διχθά,0,1,2
881,ξεῖνε,0,3,43
882,γλαφυροῖσι,0,2,6
883,σέ,0,3,75
884,ποιῆσαι,0,1,4
885,ταῦτα,4,6,95
886,μευ,3,0,65
887,δύ,0,1,27
888,κτείνῃς,0,1,3
889,γάμον,0,2,19
890,κάτα,0,1,32
891,ὄζους,1,0,3
892,βάλλεο,1,0,14
893,ἀγήνορας,0,1,8
894,κεφαλήν,0,3,35
895,πίονα,1,0,26
896,κείμεν,0,1,1
897,ὑποθήσομαι,0,1,3
898,βουλή,1,0,19
899,λέχεσσι,0,1,3
900,γέρον,2,0,40
901,γυῖα,0,1,49
902,ἀγόρευε,1,0,18
903,ἀγορήνδε,0,1,3
904,σέθεν,3,0,26
905,λάβεν,1,0,8
906,ἔστησε,0,1,9
907,ἕνεκα,1,0,7
908,ὁμιλήσειεν,0,1,3
909,ἁθρόοι,0,1,4
910,προθύροις,0,1,1
911,αὔτως,2,0,57
912,Ὠκεανόν,1,0,4
913,ἐνόησα,0,1,10
914,ἵκηται,1,0,25
915,λαούς,2,0,14
916,οἷος,0,1,30
917,φέρε,0,2,22
918,λασίοισι,1,0,1
919,Ἀχαιῶν,23,4,375
920,πολυφλοίσβοιο,1,0,8
921,ἄνακτα,2,0,26
922,ἔμεναι,0,1,22
923,μαχησόμενος,1,0,2
924,ἐρεείνεις,0,1,6
925,ἱερόν,0,1,20
926,Ζακύνθῳ,0,1,3
927,κεδνῇ,0,1,2
928,κοῦροι,2,1,32
929,ἀνδρί,1,0,44
930,μύθους,1,0,3
931,ἤρατ,0,1,3
932,ἐύσκοπον,0,1,1
933,Πάτροκλος,1,0,41
934,ἀναιδές,1,0,1
935,νώνυμνον,0,1,1
936,θαμειαί,1,0,4
937,αἰχμητάων,1,0,10
938,σεο,1,0,2
939,ῥοδοδάκτυλος,1,0,27
940,Ἀχιλῆος,2,0,32
941,βῆσαν,1,0,3
942,αὐέρυσαν,1,0,2
943,πήληκα,0,1,3
944,Ἰδομενεύς,1,0,38
945,βροτῶν,0,3,44
946,φέρον,0,1,44
947,εὐρέι,0,1,6
948,ἔχοις,0,1,2
949,ὀρυμαγδῷ,0,1,2
950,σαώτερος,1,0,1
951,θεῖον,0,1,11
952,οἷσι,0,1,14
953,τιμῆεν,0,1,1
954,ἀμφιπόλῳ,0,1,2
955,δακρύσασα,0,1,4
956,πολύτροπον,0,1,1
957,οὕνεκα,1,0,23
958,τέτλαθι,1,0,3
959,θρόνου,1,0,19
960,χαῖρε,0,1,24
961,βέλος,2,0,44
962,τεληέσσας,1,0,7
963,δμῳαί,0,1,19
964,τερπώμεθα,0,1,3
965,οἰχομένοιο,0,1,13
966,ἕρκος,1,1,21
967,νεικείῃσι,1,0,1
968,δύο,1,1,42
969,κεκαλυμμένος,0,1,4
970,ἐμήν,0,1,24
971,θυμόν,6,5,290
972,ῥῖψε,1,0,1
973,ἐλθοῦσ,1,0,2
974,ὀίω,0,1,9
975,ἀγήνορες,0,1,7
976,πολυδειράδος,1,0,3
977,πείθοντό,1,0,3
978,ὀλέσσῃ,1,0,3
979,Ἀχαιοῖς,1,0,10
980,θάλαμος,0,1,3
981,θαλάμοιο,0,1,22
982,ἑ,2,2,65
983,φέροις,1,0,1
984,μαχέοιντο,1,0,1
985,μέ,1,1,5
986,ἀνεβάλλετο,0,1,2
987,θείομεν,1,0,3
988,δευόμενον,1,0,3
989,ἤγερθεν,1,0,5
990,ὀχέειν,0,1,1
991,θάνε,0,1,6
992,μύθων,0,4,45
993,εἴρομαι,1,0,1
994,ὠκυπόροισι,2,0,3
995,ἔπεμψεν,1,0,2
996,ἀμφιάλῳ,0,3,5
997,γέρων,3,0,93
998,αἴης,0,3,19
999,ἐπιτέλλεο,1,0,1
1000,εὔκηλος,1,0,2
1001,οἰνοχοεύων,0,1,1
1002,Πολύφημον,1,1,2
1003,λαβέ,1,0,2
1004,καρήνων,1,1,8
1005,ἀπαμειβόμενος,5,1,110
1006,ὥρμαινε,1,0,9
1007,δαῖτα,3,0,34
1008,υἷες,5,0,52
1009,ἱρά,0,1,7
1010,ξεῖνοι,0,2,8
1011,ἔπι,2,1,80
1012,Αἰγαίων,1,0,1
1013,ἀκουέμεν,1,1,10
1014,τοὔνεκ,1,0,6
1015,κεχολώσεται,1,0,4
1016,βασιλήων,1,0,9
1017,δέχεσθαι,1,0,3
1018,ἀμύμων,1,1,19
1019,οἰός,0,1,5
1020,λέχος,2,0,20
1021,οὐρανόθεν,2,0,20
1022,ποσίν,0,1,30
1023,ἔθελ,1,0,6
1024,ἐπεκλώσαντο,0,1,3
1025,ἄγω,1,1,4
1026,νεῶν,1,0,42
1027,δ,153,100,6511
1028,υἱός,2,4,216
1029,φίλοι,0,1,79
1030,εἰπέ,1,4,44
1031,τετελεσμένον,1,0,21
1032,δάμη,0,1,5
1033,κορώνῃ,0,1,3
1034,ναιόμενον,1,0,4
1035,γενεαί,1,0,1
1036,ἕλκεο,1,0,1
1037,ναί,2,0,11
1038,ἐγγυαλίξαι,1,0,1
1039,διοτρεφέων,1,0,6
1040,γεραιός,1,0,13
1041,εἰπών,4,1,118
1042,ἔλθῃσι,0,1,3
1043,τερπόμενόν,0,1,1
1044,ὑπείξομαι,1,0,1
1045,ἐριβώλακι,1,0,5
1046,θεοπρόπιον,1,0,1
1047,ἀπέλυσε,1,0,3
1048,κλισίῃ,1,0,19
1049,ἔκταν,0,1,5
1050,χερσίν,4,3,121
1051,κραδίη,0,1,34
1052,ἐΐσης,2,0,13
1053,ὧδ,0,1,34
1054,ἀπήμων,1,0,7
1055,μαλακοῖσιν,1,0,4
1056,ἐθέλοιμι,0,1,12
1057,τότ,2,0,104
1058,στυφελίξαι,1,0,1
1059,παρελεύσεαι,1,0,1
1060,ἐΰ,2,0,34
1061,οὐτιδανός,1,0,4
1062,τόν,19,18,999
1063,ἔκλαγξαν,1,0,1
1064,Χρυσηΐδος,1,0,1
1065,σῶν,1,0,7
1066,ἕλον,1,0,16
1067,ἱλάσκοντο,1,0,1
1068,ἵστατο,0,1,10
1069,καθέζετο,3,0,14
1070,φέρων,3,1,56
1071,πευσόμενον,0,1,2
1072,ὀίσατο,0,1,2
1073,ἄνασσεν,1,0,4
1074,τιμῆς,1,0,16
1075,δαιμονίη,1,0,8
1076,ἐφιείς,1,0,1
1077,ψαμάθοις,1,0,3
1078,ἐλθέ,0,1,5
1079,τολύπευσεν,0,1,2
1080,πολλοί,1,3,72
1081,ἀνστήτην,1,0,1
1082,ἄρ,13,3,640
1083,Πύλον,0,2,18
1084,κάη,1,0,2
1085,θεοῖσι,2,0,51
1086,αὐλείου,0,1,1
1087,ἐπί,22,16,841
1088,ἔμβαλε,0,1,16
1089,ἦε,1,1,28
1090,νέμεσις,0,1,5
1091,θαρσαλέως,0,2,6
1092,ἄλλοτ,1,0,6
1093,ὀνειδείοις,1,0,5
1094,κύνας,1,0,23
1095,ὅππῃ,0,1,7
1096,Ἥρῃ,2,0,9
1097,νόστον,0,6,39
1098,Ἀπόλλωνι,3,0,8
1099,δέξατο,1,0,6
1100,ἄλαστον,0,1,5
1101,δός,1,0,26
1102,ὠμοθέτησαν,1,0,4
1103,ἔπειτά,1,0,7
1104,τομήν,1,0,1
1105,εἰδώς,1,2,45
1106,ἐξαλαπάξαι,1,0,6
1107,πολλόν,1,1,58
1108,ἀρείοσιν,1,0,1
1109,ἄνδρες,2,1,71
1110,κρητῆρας,1,1,8
1111,θεούς,0,3,26
1112,πόλινδε,0,1,7
1113,ἥρωας,0,1,9
1114,δόλῳ,0,1,14
1115,ἀνήρ,2,4,191
1116,ἑκάτερθε,0,1,10
1117,πείρησαι,1,0,3
1118,χεῖρες,1,0,12
1119,γείνατο,1,0,18
1120,ἑκατόμβης,2,1,4
1121,βάλε,1,1,82
1122,ὕδωρ,0,2,75
1123,Πολύβου,0,1,7
1124,ἀναθήματα,0,1,2
1125,ἱμερόεσσαν,0,1,2
1126,ἐτάνυσσεν,0,1,1
1127,ἑδέων,2,0,2
1128,θέμιστας,1,0,7
1129,ὅου,0,1,2
1130,μέγαρον,0,2,16
1131,ὀΐω,7,0,57
1132,ἀϋτήν,1,0,3
1133,σφέτερα,0,1,1
1134,ἤσθιον,0,1,2
1135,ἁθρόα,0,1,2
1136,οἴχεται,0,1,10
1137,ἠερίη,2,0,2
1138,ἄπυστος,0,1,3
1139,ἤτοι,4,0,105
1140,πρυμνήσια,1,0,7
1141,διδάσκουσιν,0,1,1
1142,ζῶντος,1,0,1
1143,ἤ,20,7,451
1144,ἄψ,2,1,110
1145,λαμπρόν,1,0,7
1146,Ἰθάκηνδε,0,1,4
1147,φρένες,1,0,22
1148,πρόπαν,1,0,10
1149,κεῖνός,0,1,8
1150,ὀδόντων,0,1,16
1151,ἅλα,5,0,49
1152,ὀφέλλωσίν,1,0,1
1153,ἐπιμέμφεται,2,0,2
1154,ἐστί,2,3,93
1155,πολέμοιο,2,0,101
1156,φιλέεσκε,0,2,4
1157,γλυκύς,1,0,15
1158,ἑτέρως,0,1,1
1159,φάτο,6,1,163
1160,παύσαντο,1,0,6
1161,κεν,10,7,403
1162,ἕλε,1,1,41
1163,ὦκα,1,0,69
1164,πρόσθεν,1,0,42
1165,ἔρυσσαν,1,0,6
1166,ἀργυρέῃ,1,1,3
1167,ὁρόων,1,1,9
1168,θαλάμου,0,1,6
1169,γάμος,0,1,3
1170,πώποτ,1,0,1
1171,κρήηνον,2,0,2
1172,θνήσκοντας,1,0,1
1173,γήθησεν,1,0,16
1174,ἀθανάτοισι,2,1,56
1175,ἐλθέμεναι,1,0,8
1176,ὄπιθεν,1,0,18
1177,ὑπερωιόθεν,0,1,1
1178,μαλακόν,0,1,6
1179,ἀέκοντα,0,2,11
1180,ἦτορ,1,4,95
1181,ἑκηβόλον,1,0,1
1182,ἀπίης,1,0,4
1183,ἴαχε,1,0,10
1184,εὐνήν,0,1,22
1185,ἔμισγον,0,1,1
1186,εὔχετο,1,0,12
1187,μήτε,2,1,17
1188,βάλλον,1,0,11
1189,χωόμενον,1,0,2
1190,εὐχετόωντο,0,1,9
1191,Ἀντίνο,0,1,9
1192,δῖος,4,4,188
1193,θαλάσσης,3,2,87
1194,ταρβήσαντε,1,0,1
1195,κέλευθα,1,0,13
1196,ἀρίστη,0,1,20
1197,φθινύθουσιν,0,1,4
1198,ἐπιλήσεται,0,1,1
1199,νημερτέα,0,1,11
1200,Ὀλύμπια,1,0,13
1201,σημαίνειν,1,0,5
1202,νηόν,1,0,7
1203,περίσχεο,1,0,1
1204,θνήσκοντες,1,0,1
1205,εἰδῇς,1,0,9
1206,τερπικεραύνῳ,1,0,8
1207,ὑλήεντι,0,2,5
1208,κτέρεα,0,1,4
1209,παῖδα,2,0,33
1210,χειρός,1,0,59
1211,γάρ,42,27,1400
1212,τοῖσιν,4,2,90
1213,εἴρηαι,0,1,1
1214,ἀκαχοίμην,0,1,1
1215,ἀπώσεαι,0,1,1
1216,ὄφελον,0,1,7
1217,παρεόντων,0,1,8
1218,ἀπίθησε,1,0,22
1219,Θέτις,5,0,28
1220,ἀνάσσω,0,1,3
1221,λαόν,3,0,78
1222,ὧς,2,0,29
1223,τελέεσθαι,1,1,9
1224,μαχήσομαι,1,0,4
1225,νέον,1,1,39
1226,ἀποτίσεται,0,1,5
1227,πέρ,2,3,41
1228,ἕηκε,1,0,1
1229,ἑλισσομένη,1,0,2
1230,ἐέλδωρ,3,0,10
1231,πόσιν,0,3,34
1232,θοῇ,2,0,21
1233,ἀτελεύτητον,1,0,1
1234,σφωε,1,0,4
1235,ἐμέ,1,0,104
1236,προσέειπεν,1,0,43
1237,πρίν,3,1,195
1238,Αἰθιοπῆας,1,0,1
1239,αἴτιοι,0,1,2
1240,πύκα,0,2,15
1241,νήπιοι,0,1,11
1242,ἐπιχθονίων,1,1,9
1243,μινυνθάδιόν,1,0,1
1244,μετ,3,0,129
1245,ἑτοιμάσατ,1,0,1
1246,τόσσα,1,0,17
1247,ἔργ,1,1,12
1248,τῷ,2,5,332
1249,κοίλῃσιν,1,0,1
1250,πρωθήβην,0,1,1
1251,θυράων,0,1,15
1252,ἦλθε,4,2,100
1253,Κρονίδην,1,0,5
1254,ἧκε,3,0,37
1255,ἄνωχθι,0,1,12
1256,κινηθέντος,1,0,1
1257,τῇ,2,1,126
1258,ἀεικέα,4,0,32
1259,τέθνηκεν,0,1,4
1260,ψυχήν,0,1,13
1261,ποῖον,1,0,12
1262,ἀλλοθρόους,0,1,3
1263,ἔβαν,2,2,28
1264,κορωνίσιν,1,0,11
1265,χρίεσθαι,0,1,1
1266,ὁμοιωθήμεναι,1,0,2
1267,δώσουσι,2,0,4
1268,ἀπειλεῖς,1,0,1
1269,ἔκλυες,1,0,6
1270,πολλά,5,8,278
1271,αὖτε,4,3,192
1272,πατρός,3,8,125
1273,τοκῆες,0,1,8
1274,θεοῖσιν,1,2,49
1275,ῥηγμῖνι,1,0,14
1276,τίπτ,1,0,9
1277,ταράξῃ,1,0,1
1278,ἀέκουσ,1,0,1
1279,ὑπό,1,4,256
1280,εἴρετο,1,0,4
1281,τριτάτοισιν,1,0,1
1282,ἀποθρῴσκοντα,0,1,2
1283,κείνοισι,1,0,2
1284,ὀρεγνύς,1,0,2
1285,θεοί,9,8,200
1286,ἀπέβη,0,1,24
1287,φίλῳ,4,0,29
1288,Ἀθηναίην,1,0,14
1289,φέρτατός,1,0,2
1290,ἀργυρότοξ,2,0,2
1291,Φοῖβος,5,0,40
1292,Λαέρτην,0,1,4
1293,Ἄργος,0,1,21
1294,ἔλσαι,1,0,3
1295,νέεσθαι,0,1,56
1296,γαμέεσθαι,0,1,2
1297,ἆλτο,1,0,22
1298,γνῷ,1,0,2
1299,ἀλεξέμεναι,1,0,7
1300,παρά,16,7,254
1301,ἔρεψα,1,0,2
1302,πείθονται,1,0,1
1303,πάτρης,1,0,16
1304,χέοντος,1,0,1
1305,ἐμήνιε,1,0,1
1306,κλισμόν,0,1,1
1307,ᾠχόμεθ,1,0,2
1308,ἔνθετο,0,1,4
1309,ὁμοῦ,1,0,21
1310,κακῇ,1,0,5
1311,νήσοισιν,0,1,4
1312,ἀλλά,18,5,494
1313,μάρτυροι,1,1,7
1314,ἀμφ,2,1,102
1315,εἶμ,1,0,11
1316,νεῦσε,1,0,5
1317,πέμψω,1,1,11
1318,Ἀτρεΐδαι,1,0,3
1319,χαῖται,1,0,7
1320,Ἀτρεΐδην,2,0,16
1321,ποιήσειεν,0,1,2
1322,Ἑρμείας,0,1,17
1323,μεμνημένη,0,1,1
1324,ἡμέτερε,0,2,4
1325,Αἴγισθον,0,1,4
1326,τείρει,0,1,3
1327,ἄλλῳ,1,0,26
1328,ἔμμεναι,2,6,81
1329,μένειν,1,0,14
1330,ὔμμες,2,0,6
1331,δείδοικα,1,0,7
1332,μακάρεσσι,1,1,12
1333,ἔνθ,2,4,177
1334,ἐπιτολμάτω,0,1,1
1335,βοῶν,0,1,43
1336,πάσχειν,0,1,6
1337,εἰς,5,10,279
1338,γλαυκῶπις,1,7,80
1339,κρατός,1,0,16
1340,χόλος,1,0,23
1341,τριπλῇ,1,0,1
1342,ἑτέρωθεν,1,0,33
1343,νοήσῃ,1,0,5
1344,εἰδῶ,0,1,7
1345,λυσόμενός,2,0,2
1346,παλινάγρετον,1,0,1
1347,Τρώεσσι,1,0,82
1348,ἀγορεύω,1,0,12
1349,εὖ,4,0,147
1350,τρίς,1,0,47
1351,οἶδεν,0,1,10
1352,θεοπροπίης,0,1,3
1353,μῆτερ,2,1,13
1354,παραί,0,1,12
1355,ἐς,13,12,574
1356,Παλλάδ,1,0,4
1357,παρέθηκε,0,1,10
1358,περιφραδέως,1,0,6
1359,ὠκυμορώτατος,1,0,1
1360,ἐλθοῦσα,1,0,5
1361,ἀφίκεο,0,1,3
1362,τίς,3,6,201
1363,ἐπίμεινον,0,1,5
1364,ἐνθάδ,1,1,75
1365,ῥέεν,1,0,6
1366,γένηται,1,0,30
1367,βασιλευέμεν,0,1,1
1368,κατάνευσον,1,0,1
1369,τόφρα,1,0,51
1370,ἀποαίρεο,1,0,1
1371,ἀγαθά,0,1,5
1372,θωρηχθῆναι,1,0,3
1373,γηθήσαι,1,0,1
1374,πέμπουσιν,1,0,3
1375,πάρ,1,1,108
1376,ἐόντα,4,1,99
1377,ἐδητύος,1,1,29
1378,ἠμέν,0,1,55
1379,φαρέτρην,1,0,7
1380,ᾗς,1,0,4
1381,ἄμεινον,3,1,11
1382,δήμῳ,0,2,47
1383,ποθεν,0,2,12
1384,ἁδινά,0,1,7
1385,φόρμιγγος,1,0,3
1386,δέδμητο,0,1,5
1387,οἶσθα,2,0,14
1388,αἰχμητήν,1,0,10
1389,αἰγλήεντος,1,0,3
1390,κρυπτάδια,1,0,1
1391,ἤγομεν,1,0,2
1392,οἰνοβαρές,1,0,1
1393,ἔρον,1,1,24
1394,ἀφαιρήσεσθαι,1,0,2
1395,φρεσίν,0,4,73
1396,πρόφρων,3,0,23
1397,ὄχ,1,0,20
1398,δείπνου,0,1,2
1399,δαίεται,0,1,2
1400,τ,21,10,1103
1401,Ἐφύρης,0,1,3
1402,ἕστηκεν,0,1,2
1403,ἱκέσθαι,1,2,56
1404,δώῃσιν,1,0,2
1405,νεκύων,1,0,20
1406,ἕντο,1,1,22
1407,ὅτις,0,1,17
1408,νηπιάας,0,1,1
1409,καλέσαντα,0,1,1
1410,κεῖται,0,3,60
1411,τευ,0,1,20
1412,ἠτίμησ,1,0,1
1413,ἀμφίπολος,0,2,14
1414,μέγας,1,0,72
1415,πᾶσι,2,3,69
1416,δεύτερον,1,0,17
1417,πνοιῇς,0,1,6
1418,εὗρε,0,1,17
1419,τέγεος,0,1,7
1420,κεχρημένον,0,1,2
1421,ἴτω,0,1,11
1422,ἀοιδοῦ,0,1,4
1423,λύματα,1,0,2
1424,κέλευθον,1,0,13
1425,ὧδε,3,1,93
1426,κακκείοντες,1,1,6
1427,οἵ,16,5,768
1428,Βρισηΐδος,1,0,2
1429,σόν,2,1,34
1430,σκῆπτρον,3,0,23
1431,ὀξύ,1,0,52
1432,τινα,1,1,53
1433,μηδέ,2,1,57
1434,στρατόν,7,0,47
1435,ἄλλος,1,1,112
1436,κτείνειν,0,1,6
1437,αὐλῆς,0,1,27
1438,νικᾷ,1,0,2
1439,οἶνον,1,2,76
1440,κατακτείνει,0,1,1
1441,μετελθών,0,1,9
1442,αὐτώ,1,0,12
1443,μεμήλει,0,1,2
1444,νοήσῃς,1,0,1
1445,ἐπίστροφος,0,1,1
1446,ἵξεται,1,0,2
1447,τἆλλα,1,0,5
1448,ἴδμεν,1,0,23
1449,φέρτερόν,1,0,3
1450,ἠπείρου,0,1,8
1451,ἷκεν,1,0,2
1452,πεῖθ,0,1,2
1453,ἐνθάδε,1,0,48
1454,ἀθανάτων,0,1,31
1455,ἀσπερχές,0,1,6
1456,ποιήσαντες,1,0,4
1457,ἀρητῆρα,1,0,1
1458,Σάμῃ,0,1,4
1459,τετραπλῇ,1,0,1
1460,ἐοῦσαν,1,1,8
1461,θάμβησεν,1,1,3
1462,ἤδη,4,1,152
1463,μιγεῖσα,0,1,3
1464,ἔδωκεν,3,1,26
1465,ὄθομαι,1,0,1
1466,κορυφῇ,1,0,5
1467,ὤπτησάν,1,0,4
1468,αὐτοῖσιν,0,1,5
1469,ἀκαχμένον,0,1,9
1470,οἷς,1,1,21
1471,κατανεῦσαι,1,0,2
1472,Ἑρμείαν,0,2,7
1473,πήματα,0,2,10
1474,ὑφ,1,0,32
1475,ἔχει,3,1,50
1476,ἀρνῶν,1,0,13
1477,φίλος,1,1,97
1478,λίσαι,1,0,1
1479,ὀϊζυρός,1,0,2
1480,ἀρητῆρος,1,0,1
1481,τόσος,0,1,2
1482,ὑπέρβιον,0,1,8
1483,ὀσσόμενος,1,1,2
1484,βουληφόρος,1,0,3
1485,ἐρέθιζε,1,0,2
1486,δέ,88,42,4455
1487,νυκτί,1,0,20
1488,ἑλών,3,1,52
1489,ἡμετέροιο,0,1,8
1490,ἀκλειῶς,0,1,3
1491,ῥεῖ,0,1,4
1492,ἐμπάζομαι,0,1,2
1493,κεῖνοι,1,0,3
1494,ἄγαγε,1,0,5
1495,ἐκπαγλότατ,1,0,3
1496,σφωΐτερόν,1,0,1
1497,ὅτ,2,0,100
1498,πάλιν,2,1,57
1499,ἀλάωσεν,0,1,2
1500,λαθοίμην,0,1,2
1501,ὤλετο,0,1,8
1502,σταθμόν,0,1,13
1503,ἐφείω,1,0,1
1504,Ἀτρεΐδῃ,3,0,14
1505,χερείονα,1,0,3
1506,μητρί,4,0,15
1507,ἀπώλεσε,0,1,4
1508,μ,10,3,287
1509,κίονας,0,1,1
1510,μεταλλῶ,1,0,1
1511,νηῦς,0,1,26
1512,κνίσης,1,0,7
1513,μετατρέπῃ,1,0,1
1514,ἆσσον,2,0,25
1515,διάκτορον,0,1,1
1516,πρώτῃσι,0,1,5
1517,ἀμύμονας,1,0,2
1518,κατάλεξον,0,3,26
1519,κέλευε,0,1,13
1520,ἡμέτερον,0,1,18
1521,ὀδάξ,0,1,9
1522,ἄγειν,3,0,11
1523,ἀμφιμέλαιναι,1,0,2
1524,θανέειν,0,1,7
1525,ὑμῖν,2,0,37
1526,ἔσαν,2,2,64
1527,βάλλουσι,0,1,2
1528,ἤλασαν,1,0,4
1529,ὑποβλήδην,1,0,1
1530,γουνάσομαι,1,0,1
1531,θεῶν,6,5,181
1532,εἰσ,1,0,9
1533,αὐτός,8,6,324
1534,γαιήοχος,0,1,10
1535,χαριζομένη,0,1,7
1536,παρείπῃ,1,0,1
1537,ἄνασσε,1,0,7
1538,Ἀθήνη,3,11,196
1539,θεινομένην,1,0,1
1540,κνέφας,1,0,15
1541,γέλως,1,0,4
1542,ὤνησας,1,0,1
1543,μεγάροιο,0,1,48
1544,ὀλέσθαι,0,1,13
1545,ἱκάνει,1,1,26
1546,γένετ,3,0,28
1547,πόλεμός,1,0,3
1548,κουριδίης,1,0,3
1549,πρός,9,1,238
1550,ἑτάροισι,2,1,30
1551,ἰούσης,1,0,2
1552,Παναχαιοί,0,1,3
1553,φασί,0,1,13
1554,ἔσομ,0,1,1
1555,ἄιστον,0,1,1
1556,ἑλικώπιδα,1,0,1
1557,ἀπόλοιτο,0,1,6
1558,ποιπνύοντα,1,0,2
1559,νηί,0,1,47
1560,μερμηρίζων,0,1,6
1561,οὐδέ,19,4,621
1562,ἧσθαι,2,0,9
1563,χερνίψαντο,1,0,1
1564,ἤρχετο,0,1,9
1565,πάσχει,0,1,2
1566,καταδύντι,1,0,4
1567,Πρίαμος,1,0,36
1568,ἔρχομ,1,0,1
1569,ἀμειβόμεναι,1,0,2
1570,παρενήνεον,0,1,1
1571,σπόγγοισι,0,1,4
1572,ἡμεῖς,0,2,81
1573,ὀνείδισον,1,0,1
1574,ἀπηύρων,1,0,6
1575,προθύροιο,0,1,7
1576,ἀοιδοί,0,2,3
1577,ὑπέμεινε,0,1,3
1578,πείσεσθαι,3,0,6
1579,ἐπιέλπεο,1,0,1
1580,ἀγγελίῃ,0,1,2
1581,σφι,0,1,46
1582,πόλεμόν,0,1,11
1583,νηΐ,5,0,52
1584,τεθνηῶτος,0,1,8
1585,ἥατ,0,1,6
1586,οὐλοχύτας,2,0,7
1587,κρητῆρος,1,0,7
1588,θύρας,0,1,25
1589,ῥίγιον,2,0,5
1590,δέξασθαι,1,0,1
1591,ἐρύσαντό,1,0,5
1592,ἔννεπε,0,1,3
1593,μή,16,5,520
1594,θῆκεν,0,1,30
1595,πού,0,1,40
1596,ἄγεθ,0,1,16
1597,θύρῃσιν,0,1,6
1598,γυναικός,1,2,15
1599,τέρποντο,0,1,6
1600,ἀίξασα,0,1,1
1601,ἰδυίῃ,1,0,3
1602,φάσγανον,1,0,14
1603,κύπελλα,0,1,7
1604,πολέας,1,0,19
1605,Ἑλλάδα,0,1,8
1606,ἀντίον,1,7,96
1607,αὐτοῖσι,1,1,7
1608,φρεσί,5,4,134
1609,ἐόντας,0,3,16
1610,ἔγνω,2,2,27
1611,Ἄτλαντος,0,1,2
1612,ἱλάσσεαι,1,0,1
1613,πώ,2,1,42
1614,δαιτί,0,1,11
1615,ὀδυρόμενος,0,1,13
1616,Αἰγεΐδην,1,0,1
1617,κιχείω,1,0,6
1618,ἐπέεσσιν,3,0,52
1619,ἀντία,0,1,8
1620,ἑῆος,1,0,7
1621,Ἀγαμέμνονι,2,0,31
1622,ὅρμον,1,0,4
1623,μοῦσα,0,1,1
1624,κελεύθου,0,1,9
1625,μέσον,1,1,36
1626,αὖθι,1,0,56
1627,ἀγέραστος,1,0,1
1628,κύνεσσιν,1,0,3
1629,εἴ,9,6,270
1630,ἄνωγεν,1,0,14
1631,Ἀργείοισι,2,0,21
1632,πάντας,3,1,127
1633,ἥ,7,6,352
1634,ἦλθον,1,2,44
1635,ἀνέρος,0,2,19
1636,αἵ,1,1,118
1637,μόγησα,1,0,6
1638,πάντ,1,1,36
1639,κήδε,1,1,27
1640,ἀντίθεον,1,1,21
1641,χαρίεντ,1,0,1
1642,οὖρον,1,0,18
1643,ἐννῆμαρ,1,0,12
1644,ἐπιπείθεο,1,0,2
1645,ἔχευαν,0,1,10
1646,ἥδ,0,1,4
1647,πολλῶν,0,1,19
1648,θάρσος,0,1,9
1649,ἔφατ,5,0,181
1650,ἔπλεο,1,0,2
1651,ἐπαίτιοι,1,0,1
1652,ἀπολυμαίνεσθαι,1,0,1
1653,αἶσα,1,0,16
1654,ἴθι,1,0,22
1655,ἀπεβήσετο,1,0,5
1656,δεινώ,1,0,1
1657,ἠῶθεν,0,1,20
1658,ἐμοῖς,1,0,12
1659,ἁλός,5,1,63
1660,ἐξερέω,1,0,11
1661,ῥ,4,5,314
1662,ὀξέι,0,1,6
1663,Λητώ,1,0,9
1664,πάντων,6,2,100
1665,νήεσσ,1,0,2
1666,κίθαριν,0,1,2
1667,παλίντιτα,0,1,2
1668,σχέθε,1,0,5
1669,ἔα,1,0,24
1670,ἁμόθεν,0,1,1
1671,φράζεσθαι,0,2,8
1672,τέκος,1,0,38
1673,δώσει,1,0,15
1674,τλαίης,0,1,5
1675,σχών,0,1,3
1676,τέρπειν,0,1,3
1677,φύλλα,1,0,8
1678,ἐλέλιξεν,1,0,2
1679,ὑφέντες,1,0,1
1680,πτερόεντα,1,1,118
1681,δαιτρός,0,1,3
1682,αὖτ,1,2,132
1683,ἦ,19,14,616
1684,ἐνί,4,16,541
1685,ὅτι,2,0,42
1686,ἀτασθαλίῃσιν,0,2,7
1687,οἰνοπέδοιο,0,1,3
1688,Ἰκαρίοιο,0,1,15
1689,οἴκους,0,1,3
1690,νοστήσας,0,2,10
1691,ἔχῃς,1,0,2
1692,τυτθόν,1,1,29
1693,φίλοισι,0,1,10
1694,ἀμφίπολοι,0,1,21
1695,πορφύρεον,1,0,7
1696,νεωτάτη,0,1,1
1697,κερδαλεόφρον,1,0,2
1698,οἶδας,0,1,1
1699,παιήονα,1,0,2
1700,Πηλεΐωνι,1,0,8
1701,κερτομίοισι,1,0,3
1702,χεῦαι,0,1,3
1703,ἡγήσατ,1,0,3
1704,πάροιθεν,0,1,14
1705,ὡμίλησα,1,0,1
1706,ἀμφιπέληται,0,1,1
1707,πρίατο,0,1,4
1708,τις,7,8,490
1709,κομόωντας,0,1,12
1710,εἴτ,1,0,3
1711,χειρί,4,0,85
1712,ἀστεροπητής,2,0,3
1713,μητέρ,0,1,7
1714,γ,14,8,411
1715,οἶκον,1,3,70
1716,ἔμπης,1,0,38
1717,νεφεληγερέτα,3,1,30
1718,τάχιστα,0,1,49
1719,μετά,7,3,244
1720,δαίνυντ,2,0,13
1721,περιπλομένων,0,1,2
1722,ὀδυρόμενον,0,1,1
1723,ἴαλλον,0,1,14
1724,ἔθηκε,1,0,38
1725,ἧχι,1,0,9
1726,ἑοῦ,1,0,10
1727,ἄμφω,4,0,61
1728,τεταγών,1,0,2
1729,παρέθηκεν,0,1,5
1730,ἕνεκ,2,0,19
1731,λίσσομαι,1,0,6
1732,ἑοῖς,0,1,2
1733,δάκρυα,1,0,22
1734,Οὔλυμπόν,1,0,2
1735,ἱέμενος,0,1,6
1736,θύει,1,0,1
1737,φρονέοντα,1,0,2
1738,αὐτόν,2,2,116
1739,κρητῆρσι,0,1,1
1740,ἑτοῖμα,0,1,16
1741,δῷσι,1,1,3
1742,αἴσῃ,1,0,12
1743,ἔχουσιν,0,4,37
1744,ἀκούειν,0,1,4
1745,οὕνεκ,1,0,26
1746,κοτέοντος,1,0,1
1747,στήθεσσι,0,1,71
1748,ἄσβεστος,1,0,8
1749,προχόῳ,0,1,6
1750,παρτιθεῖ,0,1,1
1751,ἀντίοι,1,0,4
1752,πέδιλα,0,1,16
1753,εἴδεται,1,0,6
1754,ἀθάνατοι,0,1,31
1755,οἶδε,1,0,15
1756,ἕρδον,1,0,1
1757,ἀείρας,0,1,25
1758,ξεῖν,0,2,24
1759,ἀνιηθείς,0,1,2
1760,οἶτον,0,1,11
1761,φωνήσας,1,1,83
1762,εὐξαμένοιο,1,0,6
1763,Ἀτρεΐδη,4,0,49
1764,ἀκροτάτῃ,1,0,5
1765,ἔσφαξαν,1,0,3
1766,ἑτάροισιν,1,1,34
1767,Ἄργεϊ,1,0,6
1768,πόσιος,1,1,30
1769,οἴκαδ,3,0,45
1770,ἱμάντι,0,1,2
1771,ἀκέουσα,2,0,2
1772,ἔπλετο,0,1,36
1773,ὑπερῷ,0,1,10
1774,θεά,9,7,134
1775,κείρετ,0,1,2
1776,πρό,4,1,74
1777,πάσαντο,1,0,5
1778,ἔπερσεν,0,1,1
1779,ἐπερρώσαντο,1,0,1
1780,εἰδομένη,0,1,11
1781,ἐλθεῖν,0,1,31
1782,μνηστήν,0,1,2
1783,νόστιμον,0,3,11
1784,μελήσει,0,1,10
1785,αὐτήν,2,1,37
1786,ἀπηλεγέως,0,1,2
1787,οἵδε,1,1,17
1788,κε,8,9,302
1789,κραναήν,0,1,4
1790,Ἀχιλεῦ,1,0,13
1791,ἔκτα,0,1,7
1792,φωνήσασ,1,0,18
1793,σήμαιν,1,0,1
1794,εὐχόμεθ,0,1,6
1795,ἀλλήλοισιν,0,1,34
1796,καλεοίμην,1,0,2
1797,ἱστίον,1,0,2
1798,πέφραδε,0,1,3
1799,φηρσίν,1,0,1
1800,ἀκούων,1,0,11
1801,ἐπειγόμενός,0,1,4
1802,καλέσασ,1,0,1
1803,ἐπαγείρειν,1,0,1
1804,Κλυταιμνήστρης,1,0,1
1805,οὔτέ,6,0,31
1806,πατρίδα,0,1,82
1807,Ἀτρεΐωνα,1,0,3
1808,φύγον,0,1,7
1809,ἧς,0,2,32
1810,ὀΐεαι,1,0,1
1811,εἴπομεν,0,1,1
1812,πλέων,0,1,4
1813,ἀπειλήσω,1,0,2
1814,Πηνελόπεια,0,2,58
1815,ἴδεν,0,1,24
1816,ἀφύσσων,1,0,2
1817,ἥμενον,2,0,10
1818,ἀνόπαια,0,1,1
1819,βούλομ,1,0,3
1820,Δαναοί,1,0,25
1821,τοῦτ,1,3,13
1822,μῦθον,5,3,157
1823,ἀγγελίην,0,1,19
1824,πάθεν,0,1,3
1825,ἑοῖσι,1,0,2
1826,κούρη,0,1,36
1827,ξυνήϊα,1,0,2
1828,μύθῳ,4,0,35
1829,Ὀλύμπιε,1,1,4
1830,ἀναστάς,1,0,9
1831,Ὠγυγίην,0,1,4
1832,δεδαίαται,0,1,1
1833,Ἀχαιούς,4,2,123
1834,ἀνδροφόνοιο,1,0,13
1835,ἔειπες,2,0,42
1836,βίην,1,0,17
1837,Ἀντίνοος,0,1,33
1838,ἴδε,0,1,28
1839,Τηλέμαχ,0,2,26
1840,ἀπούρας,2,0,10
1841,ἀσπίδα,0,1,36
1842,πρῆξαι,1,0,3
1843,ἀποιχομένοιο,0,1,8
1844,Οὐρανίωνες,1,0,7
1845,ἐούσῃ,1,0,3
1846,στείλαντο,1,0,1
1847,καλέσασα,0,1,2
1848,ἀνιόντος,0,1,3
1849,τήνδε,1,0,7
1850,κήρ,1,0,4
1851,Τροίῃ,0,2,30
1852,Ἀπόλλωνα,2,0,10
1853,τῶν,6,4,264
1854,γόνον,0,1,10
1855,πλάζει,0,1,1
1856,ἐξέταμον,1,0,5
1857,σῇσι,1,0,17
1858,κτήματα,0,1,23
1859,κακήν,1,0,10
1860,ὄλεθρον,0,2,56
1861,μνηστήρων,0,2,36
1862,Θόωσα,0,1,1
1863,μήνιε,1,0,2
1864,δαίνυσθαι,0,1,2
1865,κ,5,2,239
1866,Φοίβῳ,1,0,1
1867,δασμός,1,0,1
1868,βένθεα,0,1,2
1869,μεταφρασόμεσθα,1,0,1
1870,πατήρ,2,3,114
1871,φησι,1,1,9
1872,πάσης,0,1,15
1873,ἕπεσθαι,0,1,13
1874,που,2,4,120
1875,ὄμοσσον,1,0,4
1876,ἄγοντες,1,0,12
1877,οὐκέτι,0,2,44
1878,Ἀγαμέμνων,11,0,101
1879,ἐλάφοιο,1,0,6
1880,τόδε,2,5,103
1881,βάτην,1,0,8
1882,μάκαρες,1,0,19
1883,ἀγόρευσον,0,1,7
1884,σόοι,1,0,4
1885,κλιθῆναι,0,1,2
1886,στήθεσσιν,2,0,56
1887,ἀπό,7,2,318
1888,κέν,4,2,102
1889,τύμβον,0,1,11
1890,ὀρεσκῴοισι,1,0,1
1891,γυναικῶν,0,1,50
1892,λεύκ,0,1,8
1893,ψυχάς,1,0,11
1894,υἱόν,3,1,170
1895,οἷο,0,1,7
1896,θεοῖς,2,1,30
1897,ἀφέλεσθέ,1,0,1
1898,ἰδυίῃσι,1,0,5
1899,ἱερήν,5,0,8
1900,ἔκτανε,0,2,10
1901,ἀγροῦ,0,2,11
1902,πάρος,3,1,102
1903,Πύλῳ,1,0,7
1904,ἀώτῳ,0,1,3
1905,ὀστέα,0,1,23
1906,γέροντι,1,0,13
1907,τέρπετ,1,0,2
1908,φορέουσι,1,0,5
1909,χαλκοχιτώνων,1,1,31
1910,ἀοιδῆς,0,1,5
1911,ἔπει,2,0,3
1912,κεχόλωται,0,1,1
1913,ἔκδυνε,0,1,1
1914,πόλιν,3,0,94
1915,ἐΰδμητον,1,0,3
1916,πατρίς,0,1,3
1917,ἄντην,1,0,20
1918,μνηστῆρσιν,0,3,36
1919,βιοῖο,1,0,3
1920,τούτῳ,0,1,14
1921,σκιόεντα,1,1,15
1922,ἐρυσσάμενος,1,0,19
1923,ἧστο,1,1,15
1924,ἰόν,1,0,7
1925,ἐπέοικε,1,0,5
1926,θρῆνυς,0,1,5
1927,ἑταίρῳ,1,0,9
1928,αὐτῇ,1,0,40
1929,ἀνάσχεο,1,0,3
1930,προέρεσσαν,1,0,1
1931,ἀμβρόσιαι,1,0,1
1932,βοῶπις,2,0,17
1933,θάμ,0,1,5
1934,ὑψηλός,0,1,2
1935,Δαναοῖσι,2,0,39
1936,δόμων,0,1,14
1937,ἐών,3,3,104
1938,ἀνάγοντο,1,0,2
1939,Χρύση,1,0,1
1940,ἐμάχοντο,1,0,12
1941,χρειώ,1,0,10
1942,εἰδέω,1,0,2
1943,Αἴγισθος,0,1,8
1944,βαθεῖαν,1,0,7
1945,ἀναιδέσι,0,1,6
1946,εἰσιν,2,0,22
1947,εἴδατα,0,1,9
1948,τούτοισιν,0,1,1
1949,ὄρνυται,0,1,4
1950,νυ,1,3,35
1951,φράσσεται,0,1,2
1952,κουλεόν,1,0,4
1953,γρηί,0,1,1
1954,ἐμοῖο,0,1,9
1955,πάμπαν,1,0,37
1956,ἅσσ,1,0,4
1957,ὕπνος,1,0,43
1958,ἠελίῳ,1,0,10
1959,μῆνιν,2,0,12
1960,φίλου,0,1,11
1961,ἄνθρωποι,0,1,11
1962,ἐχώσατο,1,0,3
1963,ἐντρέπεται,0,1,2
1964,ἠτίμασεν,1,0,1
1965,ὑπέρ,1,3,68
1966,εὗρεν,1,0,11
1967,πατρί,4,0,62
1968,μένον,0,1,19
1969,ἀγορήσατο,2,0,24
1970,ἀλλήλων,0,1,32
1971,ὑγρά,1,0,5
1972,ἱμείρεται,0,2,2
1973,γενέσθαι,0,2,34
1974,ἀφνειός,0,1,9
1975,τήνδ,1,0,5
1976,δεξιτερήν,0,1,6
1977,Τρῶες,1,0,131
1978,κεφαλῇ,2,0,23
1979,ἐναντίον,1,0,17
1980,Τροίην,1,1,27
1981,Ὀλύμπιοι,1,0,2
1982,οἷον,1,3,45
1983,αὐδήν,0,1,15
1984,κολεοῖο,1,0,2
1985,Ἠώς,1,0,42
1986,πεζόν,0,1,6
1987,νέκταρ,1,0,6
1988,καί,117,74,5282
1989,Ἰθάκῃ,0,3,15
1990,γαῖάν,0,1,3
1991,δατεῦντο,0,1,2
1992,γένετο,0,1,16
1993,πασσάλῳ,0,1,1
1994,ἀμειβόμενοι,0,1,3
1995,ὁππότε,1,0,43
1996,ἀέκητι,0,1,16
1997,σφῇσιν,0,1,2
1998,τιμῇ,1,0,3
1999,ποθέω,0,1,1
2000,ἀέθλων,0,1,12
2001,κτήματ,0,2,20
2002,ὄσσαν,0,1,2
2003,ἦεν,1,3,97
2004,μᾶλλον,1,3,70
2005,μάκαρός,0,1,1
2006,ποδός,1,0,17
2007,κρείσσων,1,0,14
2008,ἀνέμοιο,0,1,22
2009,τάχα,0,1,65
2010,μηρούς,1,0,6
2011,ἄριστος,2,0,42
2012,χαλκήρεας,0,1,4
2013,τούς,2,0,189
2014,ὅρκον,1,0,26
2015,μερόπων,1,0,9
2016,αἴτιοί,1,0,3
2017,νεμεσσήσαιτό,0,1,1
2018,ἔκ,3,1,77
2019,δουρί,1,0,134
2020,ἔροιτο,0,1,2
2021,φθονέεις,0,1,1
2022,κατερύκει,0,1,3
2023,φιληρέτμοισιν,0,2,3
2024,παῖδες,1,0,39
2025,ἔσχατοι,0,1,3
2026,ὕβριος,1,0,1
2027,σκέδασιν,0,1,2
2028,χαλκῷ,0,1,125
2029,κυανέῃσιν,1,0,3
2030,Οὔλυμπον,3,0,11
2031,λευκωλένῳ,1,0,3
2032,ἀνθρώπους,0,2,36
2033,βοῦς,1,2,30
2034,ἀρνύμενος,0,1,2
2035,μήνι,1,0,2
2036,ἀγορεύσω,0,2,14
2037,παλίλλογα,1,0,1
2038,τελέσσῃ,1,0,3
2039,τέκε,1,1,39
2040,θαύμαζον,0,1,6
2041,ὄσσε,2,0,57
2042,φέρτερός,2,0,8
2043,ὀβριμοπάτρη,0,1,3
2044,Θεστορίδης,1,0,1
2045,ἐγών,2,4,150
2046,γέροντος,2,0,28
2047,ἀνεκτά,1,0,2
2048,εὔχεται,1,2,17
2049,ἄν,8,4,311
2050,ἀλόχου,1,0,8
2051,λῦσαν,1,0,5
2052,τετύχθαι,0,1,2
2053,ᾔδη,1,0,20
2054,δώματα,1,2,49
2055,ἐτελείετο,1,0,2
2056,ἴτην,1,0,3
2057,ἔτρεφον,1,0,3
2058,δή,25,20,965
2059,ἀντιόων,0,1,1
2060,Ζηνός,0,1,22
2061,κεχαροίατο,1,0,1
2062,δεκάτῃ,1,0,8
2063,τόσον,0,1,22
2064,στενάχων,1,0,11
2065,μεῖναι,1,0,14
2066,ἐμέθεν,1,0,18
2067,λοιγόν,5,0,20
2068,ἀνθρώποισι,0,2,20
2069,φύγοιμεν,1,0,5
2070,ἐπιείκελον,1,0,3
2071,γυνή,1,0,35
2072,φεῦγε,1,0,2
2073,εὔχομαι,0,1,18
2074,παρέστη,0,1,10
2075,ἱστία,2,0,22
2076,ἔνθά,1,0,40
2077,λεῖβε,1,0,4
2078,ἔμικτο,0,1,1
2079,λιασθείς,1,0,6
2080,χθονί,1,1,34
2081,ποθή,1,0,9
2082,νέας,1,0,16
2083,βῆσε,1,0,2
2084,χαλκός,1,0,42
2085,φύλλά,1,0,1
2086,πυκιμηδέος,0,1,1
2087,ἦσαν,0,1,70
2088,βάλλ,1,0,3
2089,Ἕκτορος,1,0,51
2090,πέλασαν,1,0,4
2091,κίεν,1,0,11
2092,βηλοῦ,1,0,2
2093,οἴκῳ,1,2,55
2094,ἐριδαίνετον,1,0,2
2095,ἔσοντ,1,0,1
2096,ἐπιδήμιον,0,1,1
2097,μέλει,0,1,8
2098,διέπουσ,1,0,1
2099,τόσσοι,0,1,5
2100,ἠρᾶθ,1,0,2
2101,κάππεσον,1,0,4
2102,ἀσκήσασα,0,1,2
2103,ἰδυῖα,0,1,6
2104,ἀφύξειν,1,0,1
2105,πρῶτα,4,1,63
2106,μέδοντος,0,1,1
2107,βίῃ,1,0,22
2108,οὐ,16,10,538
2109,Ποσειδάωνι,0,1,18
2110,Κάλχαντα,1,0,1
2111,βῆ,3,3,139
2112,ἐμεῦ,3,1,26
2113,ἐδέξατο,1,1,15
2114,κώπῃ,1,0,1
2115,ἁδήσειεν,0,1,1
2116,ἕσπετο,0,1,12
2117,δῖα,0,2,60
2118,πλάγχθη,0,1,2
2119,ἀπερείσι,2,0,11
2120,μήτ,0,1,12
2121,χάλκεον,0,2,48
2122,περικλυτός,1,1,14
2123,Χρύσης,2,0,2
2124,ὑψηλοῖο,0,1,13
2125,αἰδοίη,0,1,20
2126,θάρσησε,1,0,1
2127,ὑπέδεισαν,1,0,1
2128,δῶκε,1,0,51
2129,ἔμμορε,1,0,4
2130,Ἀγαμέμνονα,1,0,17
2131,ἐΐσας,1,0,11
2132,οὕτω,1,0,63
2133,οἰωνοῖσί,1,0,1
2134,ἐπίηρα,2,0,2
2135,αἰτιόωνται,0,1,1
2136,ὀπίσσω,1,2,53
2137,δύστηνον,0,1,11
2138,ἔχοι,0,1,3
2139,ξεστήν,0,1,6
2140,ὤμων,1,0,31
2141,ἥρως,1,0,50
2142,ὀτρύνομεν,0,1,3
2143,βουλάς,2,0,22
2144,φίλη,1,0,34
2145,ἠΰκομος,1,0,3
2146,μελέτω,0,1,7
2147,ταῦτ,2,0,21
2148,Ἀχαιοί,11,0,200
2149,ὀβελοῖσιν,1,0,11
2150,ἰούς,0,1,3
2151,εἰδήσειν,1,0,1
2152,παλάμῃ,0,1,2
2153,πολυβενθέος,1,0,5
2154,ξεῖνος,0,3,43
2155,πίνακας,0,1,3
2156,κακόν,1,3,141
2157,ἔπεσιν,3,0,6
2158,σφῶϊν,1,0,14
2159,κεδνή,0,1,3
2160,αἷμα,1,0,47
2161,ἐρέτῃσιν,0,1,1
2162,ἅπαντες,1,1,22
2163,μήν,1,0,10
2164,ἐμαί,1,0,2
2165,ἀναθηλήσει,1,0,1
2166,κακοῖο,1,0,2
2167,ἐπετείλατο,0,1,1
2168,ἀνασχών,1,0,11
2169,πέμψαντες,0,1,1
2170,οὕτως,1,0,34
2171,ἀκουόντεσσι,0,1,1
2172,ἵνα,4,4,130
2173,χωόμενος,3,0,17
2174,Πριάμοιό,1,0,5
2175,πεφυγμένος,0,1,1
2176,γνώμεναι,0,1,4
2177,βαρείας,1,0,2
2178,νόον,0,2,41
2179,ἐσκίδναντο,1,0,4
2180,πολυμήχανός,0,1,1
2181,ἠμαθόεντα,0,1,3
2182,πλεόνεσσιν,1,0,3
2183,ἐϋκνήμιδες,1,0,17
2184,οὐκ,7,4,375
2185,ἔδησαν,2,0,8
2186,ἐκπέρσαι,1,0,3
2187,ἀνδρός,0,2,58
2188,κῦμα,3,1,64
2189,ἐμπεφυυῖα,1,0,1
2190,ἀριστήεσσιν,1,0,5
2191,μάχῃ,1,0,17
2192,ἀργυρόπεζα,2,0,12
2193,ἐρέθῃσιν,1,0,1
2194,νοστήσαντα,0,2,12
2195,Πηλεΐδης,3,0,24
2196,ναιετοώσης,0,1,1
2197,ἀπονοστήσειν,1,0,6
2198,ᾗσι,0,1,17
2199,κάκ,2,1,27
2200,ὁδοῖο,0,2,14
2201,πατρώιόν,0,1,1
2202,οἴκοιο,0,1,4
2203,ἀτιμοτάτη,1,0,1
2204,αὐτίκα,2,1,108
2205,πρῶτ,0,1,7
2206,ἐκάλυψαν,1,0,4
2207,ἀνιόντα,0,1,3
2208,σκαιῇ,1,0,3
2209,χόλοιο,1,0,5
2210,Εὐρύκλει,0,1,3
2211,λῖτα,0,1,2
2212,ἔβαλον,1,0,12
2213,τεοῖσι,0,1,3
2214,σκίδνασθαι,0,1,1
2215,ἔχον,1,0,65
2216,ἐπιγνάμψασα,1,0,1
2217,Αἴαντος,1,0,25
2218,χαρίζετο,0,1,1
2219,ἐσσόμενα,1,0,1
2220,ἔω,1,0,2
2221,ἐφῆκεν,1,0,4
2222,ὀλέθρῳ,0,1,5
2223,Αἰγίσθοιο,0,2,6
2224,νεμεσσήθη,0,1,1
2225,ὠκύμορος,1,0,2
2226,σοῖσι,1,0,8
2227,Ἀχιλλῆϊ,1,0,11
2228,δόμονδε,0,1,9
2229,ἀνάγκῃ,0,1,31
2230,ὕβριν,1,1,12
2231,κλυτόν,0,1,18
2232,ὤ,2,2,79
2233,πολλάς,1,0,14
2234,ἔλεψε,1,0,1
2235,χέρηϊ,1,0,1
2236,κήρυκε,1,0,2
2237,θέτο,0,1,14
2238,Ἥφαιστον,1,0,7
2239,κύδιστε,1,0,18
2240,διείρεο,1,0,2
2241,φυήν,1,0,10
2242,ἀναστήσειεν,1,0,1
2243,ἀνέλοντο,1,0,3
2244,Πατρόκλεες,1,0,13
2245,ἐσθῆτός,0,1,1
2246,ἀφνειότεροι,0,1,1
2247,σιδήρεα,0,1,2
2248,ἀλεγίζω,1,0,3
2249,θελκτήρια,0,1,2
2250,κοίλῃς,1,1,11
2251,ὑπόσχεο,1,0,1
2252,Τενέδοιό,2,0,2
2253,οἷσιν,0,3,23
2254,ἐῴκει,0,1,12
2255,δαΐφρονος,0,2,28
2256,Ποσειδάωνος,0,1,6
2257,ἐρρύσατο,0,1,3
2258,ἐπαρξάμενοι,1,0,4
2259,Καλυψώ,0,1,19
2260,πολυάϊκος,1,0,2
2261,ὀλοόφρονος,0,1,5
2262,Πηλείδη,1,0,1
2263,κότον,1,0,6
2264,ἐπέπλεον,1,0,3
2265,Ἀτρεΐδαο,1,2,26
2266,πείθεσθαι,1,0,5
2267,ἀπόειπ,1,0,1
2268,ἕσπερον,0,1,3
2269,σ,4,3,162
2270,καλῇ,1,1,18
2271,κατανεύσομαι,1,0,1
2272,ζωός,0,1,18
2273,Εὐπείθεος,0,1,10
2274,πεπαρμένον,1,0,2
2275,αἰγιόχοιο,2,0,50
2276,δηθύνοντ,1,0,1
2277,ἔθελον,1,0,9
2278,μεθήμενος,0,1,1
2279,σκηπτοῦχος,1,0,3
2280,γόους,0,1,1
2281,ὀΐομαι,1,0,20
2282,οἴκοι,1,1,7
2283,τελείων,1,0,2
2284,ξυνέηκε,1,0,5
2285,ἐμῆς,0,1,22
2286,ἴδον,2,1,59
2287,προσεφώνεον,1,0,3
2288,ἑνός,0,1,8
2289,γῆρας,1,1,17
2290,ἔσσεται,4,2,61
2291,ὅ,37,10,910
2292,ἀνέρες,0,1,41
2293,τοίην,0,1,2
2294,ἐστιν,4,2,64
2295,ἡβήσῃ,0,1,1
2296,κτερεΐξαι,0,1,1
2297,τέκον,1,0,7
2298,μιν,17,11,644
2299,παιδός,3,2,34
2300,χερείων,1,0,3
2301,ὅττί,1,0,19
2302,αἰέν,2,2,71
2303,Δία,3,0,11
2304,οὖν,1,1,85
2305,χρυσόθρονος,1,0,11
2306,ἀμφιπόλοισι,0,2,22
2307,μαντεύεσθαι,1,0,3
2308,χιτῶνα,0,2,30
2309,ὀδύνας,0,1,5
2310,λισσομένη,1,0,7
2311,ἔτετμε,0,1,2
2312,ποτοῖο,1,1,5
2313,νοῦσον,1,0,2
2314,ἀμφιγυήεις,1,0,11
2315,χολωσέμεν,1,0,1
2316,ὁμάδησαν,0,1,5
2317,δῖον,0,1,66
2318,ὁδόν,1,1,43
2319,ἦμαρ,2,3,82
2320,φιλήσεαι,0,1,2
2321,κοσμήτορε,2,0,3
2322,ἑκάστῳ,1,1,35
2323,βούλομαι,1,0,3
2324,διαστήτην,1,0,2
2325,πρυμνήσι,1,0,6
2326,αὖτις,6,1,128
2327,ἐξαύδα,1,0,3
2328,αὖθ,1,0,36
2329,νῆ,0,1,4
2330,ταύτης,0,1,5
2331,βαρεῖαν,1,0,4
2332,κλισίας,3,0,19
2333,ὄμματα,0,1,10
2334,βεβήκει,1,1,27
2335,πίθεσθ,1,0,1
2336,δόσαν,3,0,19
2337,ῥέξαι,1,0,6
2338,ἕλκετο,1,0,5
2339,ὁππόθεν,0,1,4
2340,μάντις,2,1,8
2341,Τρώων,3,1,214
2342,νήσῳ,0,2,14
2343,πόθεν,0,1,14
2344,ἀκούσῃς,0,3,6
2345,νηυσίν,3,1,94
2346,Δουλιχίῳ,0,1,3
2347,ὕπνον,0,1,20
2348,Ὀρέστης,0,2,5
2349,ἄντα,0,1,34
2350,ἦρχ,1,0,21
2351,ἀντιθέῳ,0,1,11
2352,ποῖόν,0,1,8
2353,περίφρων,0,1,46
2354,ἄποινα,7,0,26
2355,αἰνῶς—,0,1,1
2356,βήσομεν,1,0,1
2357,ἀοιδός,0,1,18
2358,νίψασθαι,0,1,6
2359,εἰλήλουθας,1,0,10
2360,ὀτρηρώ,1,0,1
2361,σῆμά,0,1,7
2362,ἵκετο,1,0,37
2363,Φθίῃ,1,0,1
2364,νύμφῃ,0,1,2
2365,πυραί,1,0,1
2366,ἀνθρώπων,3,5,95
2367,ὄμβρῳ,0,1,5
2368,ἐπεστέψαντο,1,1,5
2369,μέλποντες,1,0,1
2370,μένοντες,0,1,18
2371,μέγιστον,1,1,11
2372,εἶμι,2,0,20
2373,καπνόν,0,1,6
2374,ἄειδον,1,0,1
2375,ποθ,1,0,10
2376,δαίς,0,1,2
2377,ἄνδρα,1,1,83
2378,ἤκουσεν,1,0,1
2379,αἴτιος,0,1,7
2380,Πύλου,1,0,13
2381,γαίων,1,0,4
2382,ἔδουσιν,0,1,13
2383,ποθι,1,2,19
2384,χέουσα,1,0,9
2385,διδόντος,0,1,1
2386,ἀργούς,1,0,1
2387,αὖτέ,1,0,8
2388,ἐβόλοντο,0,1,1
2389,ἐρείομεν,1,0,1
2390,τίνες,0,1,8
2391,ὅττι,1,3,52
2392,Ταλθύβιόν,1,0,1
2393,αἰδομένω,1,0,1
2394,κλῦθί,2,0,7
2395,ξανθῆς,1,0,1
2396,Οὐλύμποιο,2,1,24
2397,καλέσαντο,1,0,1
2398,πολυτρήτοισι,0,1,3
2399,πείσεις,1,0,7
2400,κρείων,5,0,55
2401,ἐπηπείλησ,1,0,1
2402,αἴθωνα,0,1,4
2403,ὑπερφιάλοισι,0,1,7
2404,τοὔνεκά,1,0,8
2405,στῆ,1,2,78
2406,εἰποῦσ,0,2,18
2407,ἀγκρεμάσασα,0,1,1
2408,γραίης,0,1,1
2409,ἴψαο,1,0,2
2410,μένεος,1,0,8
2411,ἔκτανον,0,1,2
2412,κιόντες,0,1,5
2413,πυκινῶς,0,1,15
2414,ἀλέεινε,0,1,5
2415,λέκτρῳ,0,1,2
2416,βουλέων,1,0,2
2417,ἀπόστιχε,1,0,1
2418,ἔτισεν,2,0,3
2419,μέλλει,1,0,7
2420,διδοῦσι,0,1,2
2421,ἐπιδήμιος,0,1,1
2422,ὀχθήσας,1,0,27
2423,οὐδέν,2,0,19
2424,ἔτλη,1,0,18
2425,ἐγένοντο,1,0,36
2426,μένων,1,0,14
2427,ὅσοι,1,1,26
2428,σιωπῇ,0,2,28
2429,ἰόνθ,1,0,1
2430,χαίρετε,1,0,2
2431,σφετέρῃσιν,0,1,2
2432,γλώσσης,1,0,1
2433,κέλεαί,1,0,1
2434,ἀπριάτην,1,0,2
2435,ἔμοιγε,2,0,8
2436,τόσσον,1,0,36
2437,φρένα,3,1,46
2438,νημερτές,1,0,12
2439,αἱμυλίοισι,0,1,1
2440,κλισίην,2,0,31
2441,ἑκατηβόλου,1,0,4
2442,ἐσθλῆς,1,0,3
2443,κρατερόν,3,0,27
2444,παλάμῃς,1,0,1
2445,σύνθετο,0,1,3
2446,κακῶν,1,0,19
2447,ἄγριοι,0,1,5
2448,βέλεσσιν,1,0,3
2449,ἀτρυγέτοιο,2,1,10
2450,Λαέρτης,0,1,12
2451,ἄνεμος,1,0,18
2452,Μενέλαον,0,1,31
2453,γούνασι,0,2,13
2454,ἰθύς,0,1,44
2455,μνηστῆρας,0,6,53
2456,Μενελάῳ,1,0,18
2457,τοῖος,0,2,30
2458,φῇσιν,0,1,1
2459,ἠμείβετ,5,3,72
2460,ἐχθοδοπῆσαι,1,0,1
2461,ὑπεροπλίῃσι,1,0,1
2462,μεταξύ,1,0,1
2463,ἄφενος,1,0,3
2464,ὦσε,1,0,15
2465,γένοντο,1,0,13
2466,ἔσεταί,1,0,3
2467,αὐτούς,1,0,41
2468,ξίφος,3,0,42
2469,εὗρον,1,0,16
2470,κανέοισιν,0,1,5
2471,ἐμός,0,2,34
2472,καθάπτεσθαι,1,0,1
2473,βασιλεύσει,0,1,1
2474,ἔθεεν,1,0,3
2475,πλοῦτον,1,0,2
2476,δηθά,0,2,16
2477,ἄρουρα,0,1,9
2478,πάντῃ,1,0,27
2479,ἔπλετ,1,0,2
2480,ἐπήν,0,1,45
2481,εἴδομεν,1,0,7
2482,ἄριστοι,0,2,66
2483,μεταλλᾷς,0,1,11
2484,σῖτον,0,2,32
2485,τίμησας,1,0,2
2486,ἐμισγόμεθ,0,1,2
2487,ὄφρ,6,2,137
2488,Ὀδυσσῆος,0,2,78
2489,Πεισηνορίδαο,0,1,3
2490,λυγρῆς,0,1,6
2491,βουλεύσαντε,1,0,2
2492,δῶρον,0,2,13
2493,Ἀθήνην,0,2,13
2494,μετεκίαθε,0,1,2
2495,παννύχιος,0,1,4
2496,καλέσας,0,1,4
2497,χθιζός,1,0,6
2498,φέρειν,1,0,12
2499,σίδηρον,0,1,9
2500,πότνια,3,0,66
2501,τοιοῦδ,0,1,4
2502,τοῖσι,5,5,142
2503,ἀρῆξαι,1,0,1
2504,αἰνότατε,1,0,6
2505,Θήβην,1,0,3
2506,ἐρίηρον,0,1,3
2507,κατανεύσω,1,0,1
2508,ἔφαθ,0,2,107
2509,προπάροιθε,0,1,40
2510,ἀποπαύε,0,1,1
2511,ληίσσατο,0,1,1
2512,μηδ,0,1,53
2513,ἀμοιβῆς,0,1,1
2514,λέλοιπεν,1,0,3
2515,νόσφιν,1,0,26
2516,ἠελίοιο,1,0,27
2517,παύσουσα,1,0,1
2518,σάφα,0,1,21
2519,κλισίης,1,0,14
2520,ἐπιεικές,1,0,8
2521,ἔφη,1,0,24
2522,δώματ,2,0,52
2523,ἰδοῦσ,1,0,3
2524,ῥινοῖσι,0,1,3
2525,ἡρώων,1,1,16
2526,δέδασται,1,0,3
2527,γλυκύ,1,0,1
2528,ποδάρκης,1,0,21
2529,ἠγνοίησεν,1,0,4
2530,δενδρήεσσα,0,1,1
2531,ἔχων,5,2,89
2532,ἠΰτ,1,0,2
2533,τετελεσμένος,1,0,1
2534,ἐπέρυσσε,0,1,1
2535,εἴπῃ,1,2,12
2536,θάλασσαν,0,1,14
2537,ἥμενοι,0,1,9
2538,ἐτέρπετο,0,1,2
2539,ταύρων,2,1,5
2540,ἀναβήμεναι,0,1,1
2541,ἔνθα,3,3,284
2542,πεπνυμένος,0,7,59
2543,ὅς,12,11,602
2544,νῆσον,0,1,29
2545,Τεμέσην,0,1,1
2546,Κρονίωνι,2,0,16
2547,ὁμηγερέες,1,0,9
2548,τέκνον,2,1,38
2549,ἀνέβη,1,0,1
2550,θοήν,1,1,36
2551,δίδωσιν,0,1,2
2552,κατεβήσετο,0,1,7
2553,Μενοιτιάδῃ,1,0,4
2554,καῖε,1,0,4
2555,θείω,0,1,7
2556,δείπνῳ,0,1,3
2557,πως,2,0,72
2558,ἕποντο,1,1,67
2559,οἶδ,0,1,20
2560,ἡμετέρῳ,1,1,7
2561,πεμπώβολα,1,0,2
2562,ἄλλα,0,4,49
2563,ἀποαιρεῖσθαι,1,0,1
2564,ἑθέν,1,0,1
2565,χώρῳ,0,1,14
2566,γνώωσι,1,0,4
2567,τοίους,1,0,2
2568,κῆλα,2,0,3
2569,χρυσοῖό,0,1,1
2570,ἔρχεται,1,0,12
2571,κελαινόν,1,0,12
2572,ἀοιδήν,0,3,13
2573,ἑκατόγχειρον,1,0,1
2574,ὁππότ,1,1,17
2575,φῄς,0,1,4
2576,ἀπόλωλε,0,1,5
2577,ἀμφίς,0,1,41
2578,ἀμφιβέβηκας,2,0,2
2579,πάτερ,1,2,66
2580,μετηύδα,0,1,23
2581,Ὀλύμπῳ,1,0,7
2582,ἔδοντες,0,2,15
2583,μαντεύσομαι,0,1,3
2584,γλαυκῶπιν,0,1,1
2585,ὀρχηστύν,0,1,3
2586,χαίρῃς,1,0,2
2587,ἐλθών,2,2,74
2588,ἁλίοιο,2,0,8
2589,φιλέουσά,2,0,4
2590,δωδεκάτῃ,1,0,1
2591,πατρώιοι,0,1,1
2592,ἀρνειῶν,0,1,1
2593,ἑόν,1,2,30
2594,αἰνῶς,1,1,31
2595,ἵκωμαι,1,0,9
2596,θῆκαν,0,1,4
2597,δῶρ,1,0,11
2598,τηλόθεν,1,0,16
2599,θρόνους,0,1,11
2600,οὗ,2,1,45
2601,γαίης,1,2,49
2602,καρπόν,1,0,11
2603,ξείνοισι,0,1,1
2604,ἦρχε,1,1,56
2605,μά,2,0,4
2606,πίνοντά,0,1,2
2607,περισκέπτῳ,0,1,4
2608,θεῷ,3,0,18
2609,ἀναιδείην,1,0,2
2610,φρονέων,2,3,36
2611,ποσσίν,0,1,20
2612,πάντα,4,0,255
2613,λωίτερον,0,1,2
2614,σοῖς,1,0,6
2615,ἠριγένεια,1,0,24
2616,μακρόν,1,0,52
2617,οἷα,0,1,13
2618,ἐπιθεῖσα,0,1,6
2619,ἄλλοισι,1,0,12
2620,χώσεται,1,0,1
2621,θεσπεσίοιο,1,0,5
2622,ἔτι,4,7,220
2623,τελευτήσῃς,0,1,1
2624,λήθω,1,0,4
2625,ἀτάρ,2,2,131
2626,ὄλοντο,0,2,16
2627,αὐτίχ,1,0,3
2628,κακά,0,2,125
2629,ἐποίησαν,0,2,5
2630,Παλλάς,1,3,50
2631,λευκώλενος,4,0,30
2632,εἰπεῖν,1,0,17
2633,θεοπρόπον,0,1,1
2634,ἄλλοις,1,0,12
2635,σχομένη,0,1,6
2636,καίοντο,1,0,2
2637,ὦπα,0,1,6
2638,νῆα,3,2,112
2639,ἠμείβετο,1,0,6
2640,ἴτ,1,0,1
2641,ἐπερχόμενον,1,0,7
2642,πάντες,8,7,214
2643,ἐπῴχετο,2,2,9
2644,ἄτερ,1,0,13
2645,ἐγγύθι,0,1,11
2646,κεχολωμένον,1,0,3
2647,ἀγείρομεν,1,0,2
2648,χραισμεῖν,2,0,5
2649,ἕρματα,1,0,4
2650,ἀνώγῃ,0,1,5
2651,ἔχ,1,0,15
2652,Κάλχαν,1,0,1
2653,ὅμιλος,0,1,4
2654,ἀφνειόν,0,1,7
2655,παύσειεν,1,0,1
2656,πραπίδεσσι,1,0,4
2657,ἤειδε,0,1,2
2658,ὀτρηροί,0,1,1
2659,δαΐδας,0,2,7
2660,ἀκούσῃ,0,1,9
2661,ἐσθλόν,1,2,59
2662,στυγερόν,0,1,4
2663,μῦθος,0,1,21
2664,μακράς,0,1,1
2665,κοιρανέουσιν,0,1,6
2666,ἀνθερεῶνος,1,0,2
2667,χρυσείῃ,0,1,10
2668,χρυσέῳ,2,0,9
2669,μάλιστα,3,4,90
2670,ἐξαῦτις,1,0,11
2671,πένθος,2,1,30
2672,θαμά,0,1,4
2673,ᾗσιν,1,1,19
2674,δόμου,0,2,13
2675,ἐλεύσεται,1,0,15
2676,ἶφι,3,0,17
2677,ἔμ,3,1,35
2678,Μέντης,0,2,2
2679,θύρῃσι,0,1,9
2680,ἕλικας,0,1,11
2681,ἄρσαντες,1,0,1
2682,δήν,2,1,40
2683,λιμένι,0,1,2
2684,σε,9,9,277
2685,ἔοικε,1,2,23
2686,ἔγωγε,3,0,32
2687,κεῖνόν,0,1,3
2688,τιμηέστερος,0,1,1
2689,παράφημι,1,0,1
2690,κλυτοτέχνης,1,0,1
2691,μετέλθοι,0,1,1
2692,ἀναΐξας,1,1,9
2693,διεπράθομέν,1,0,1
2694,ἑκηβόλου,2,0,2
2695,ὄνησα,1,0,1
2696,φύσει,1,0,1
2697,λευκά,1,0,15
2698,τόξ,1,0,2
2699,ἔγχε,0,1,5
2700,κήρυκες,2,2,19
2701,ἐρητύσειέ,1,0,1
2702,φίλον,6,7,193
2703,μάντι,1,0,1
2704,ἔκηα,1,0,2
2705,ὀνόμαζε,1,0,22
2706,λαμπετόωντι,1,0,2
2707,κλέος,0,5,61
2708,ἄλλων,5,1,94
2709,κλίμακα,0,1,4
2710,ἀρτυνέουσιν,0,1,2
2711,νῦν,20,15,589
2712,ἔρξῃς,0,1,1
2713,ἀμφικύπελλον,1,0,14
2714,ὅσσοι,0,2,39
2715,νόῳ,2,0,11
2716,ἔπειραν,1,0,5
2717,τιμήν,2,1,14
2718,ἐφείη,0,1,1
2719,θεοειδής,0,1,39
2720,τετιημένος,0,1,6
2721,τίσωσιν,1,0,1
2722,ἐρυκανόωσ,0,1,1
2723,ἀνάσσεις,3,0,10
2724,αὐτοί,3,3,96
2725,προΐαψεν,1,0,1
2726,ξείνῳ,0,1,11
2727,φίλε,1,0,20
2728,μέλαιναν,2,0,49
2729,τοι,30,15,774
2730,ἐνδέξια,1,0,4
2731,εἰμι,2,0,27
2732,τώ,9,0,221
2733,μνηστῆρες,0,4,69
2734,Τάφου,0,1,1
2735,ὑπόδρα,1,0,26
2736,πείθομαι,0,1,1
2737,ὤιξεν,0,1,2
2738,μακρά,1,0,36
2739,οὔ,20,8,475
2740,Πηλεΐωνα,1,0,25
2741,ἔρχεο,0,1,15
2742,παρειάων,0,1,5
2743,μακάρων,1,0,6
2744,χρύσεια,0,2,12
2745,μάλ,2,5,173
2746,Πηλῆος,1,0,11
2747,μένος,2,2,159
2748,ἠέλιον,1,0,17
2749,ἄλγεα,1,1,44
2750,ἀνάσσειν,1,0,4
2751,τίσις,0,1,3
2752,χαλκόν,0,1,39
2753,ἔτ,2,3,96
2754,ἤλυθον,1,0,19
2755,μεγάροισιν,1,2,71
2756,μαχέοιτο,1,0,1
2757,πόληος,0,1,13
2758,ἐπευφήμησαν,2,0,2
2759,λιγύς,1,0,5
2760,ἐποιχομένην,1,0,1
2761,ἰέναι,1,0,62
2762,φαινομένη,1,0,2
2763,μετόπισθεν,1,0,6
2764,ἐπεί,26,21,745
2765,ποτέ,5,0,41
2766,πτολίεθρον,1,1,28
2767,κάρτιστοι,2,0,2
2768,πόντον,1,1,73
2769,ἔπειθ,1,0,39
2770,μακρήν,0,1,7
2771,κάθησο,1,0,2
2772,ἔτευξαν,0,1,1
2773,μέγαρα,0,1,8
2774,νῆας,6,0,180
2775,ἐόντες,2,0,29
2776,ἱκάνοι,1,0,4
2777,ἀοιδή,0,1,3
2778,δέπας,1,0,30
2779,εὐρείῃ,0,1,15
2780,δώωσιν,1,0,1
2781,κτεάτεσσιν,0,2,9
2782,ἐπιπείθηται,1,0,1
2783,αἴσχεα,0,1,4
2784,κεδνά,0,1,5
2785,δῶρα,2,0,85
2786,φέρεσθαι,0,1,15
2787,ἥν,3,3,101
2788,κύδεϊ,1,0,4
2789,οὔτε,4,3,126
2790,ἔντοσθεν,0,3,15
2791,ἀνάσσει,1,1,9
2792,μητίετα,2,0,19
2793,ἐναρίζοι,1,0,1
2794,κλισίηθεν,1,0,7
2795,δυνήσομαι,1,0,1
2796,ἀμφηρεφέα,1,0,1
2797,διάνδιχα,1,0,4
2798,ἑκατόμβην,7,0,13
2799,δειλός,1,0,3
2800,ἐσελεύσομαι,0,1,2
2801,εὐρύν,4,1,43
2802,εὐρύοπα,1,0,23
2803,ὁμῶς,2,0,28
2804,εὐξαμένου,1,0,2
2805,ἐνιαυτῶν,0,1,2
2806,πατροφονῆα,0,1,3
2807,ἔφαντ,0,1,1
2808,πικρόγαμοί,0,1,3
2809,ἰόντα,1,0,16
2810,χαίρων,1,1,19
2811,ἰοῦσα,0,1,10
2812,ῥα,6,2,212
2813,κεῦθε,1,0,4
2814,ἡγεῖθ,0,1,1
2815,δημοβόρος,1,0,1
2816,αὐτάρ,16,11,770
2817,ἐθέλῃσιν,2,1,17
2818,πολέμου,1,0,25
2819,Ὄλυμπον,4,0,38
2820,ἀθανάτοιο,1,0,2
2821,πω,3,1,82
2822,Ὀδυσσεύς,4,8,309
2823,ὀφθαλμοῖσιν,1,0,52
2824,κατελεύσομαι,0,1,1
2825,στάς,0,1,21
2826,ἐϋζώνοιο,1,0,3
2827,κρειόντων,0,2,5
2828,ἠγαθέῃ,1,0,4
2829,πασσάμενος,0,1,1
2830,Ἀπόλλων,8,0,112
2831,λόχον,1,0,12
2832,ἀέκοντος,2,0,5
2833,ἐστίν,2,3,59
2834,ὅνδε,0,1,7
2835,ἀφίει,2,0,7
2836,πευσόμενος,0,1,5
2837,θεοπροπίας,2,0,2
2838,εἰλίποδας,0,1,8
2839,δοῖεν,1,0,10
2840,Φημίῳ,0,1,1
2841,πίμπλαντ,1,0,2
2842,Πηληϊάδεω,2,0,10
2843,περικαλλέος,1,1,5
2844,ἱέμενός,0,1,3
2845,ἐμάς,1,0,7
2846,δοῦναι,0,2,5
2847,τέκμωρ,1,0,9
2848,ἀπεδέξατ,1,0,1
2849,Καινέα,1,0,1
2850,Ἰθάκην,0,3,27
2851,μερμήριξεν,1,0,6
2852,αἰδεῖσθαί,2,0,2
2853,ἀπώλετο,0,1,4
2854,ἐπαύρωνται,1,0,1
2855,ηὔδα,1,7,88
2856,Ἀγαμέμνονος,1,0,22
2857,νοεούσῃ,1,0,1
2858,πατέρα,0,1,11
2859,ἀφείλετο,0,1,4
2860,ἐδεύετο,2,0,9
2861,κλαγγή,1,0,5
2862,δικασπόλοι,1,0,1
2863,ἔρυκε,0,1,7
2864,στήσαντ,1,0,1
2865,πίθεσθε,1,0,2
2866,ἐξερέηται,0,1,1
2867,πετάσσας,0,1,10
2868,ἁλί,0,1,9
2869,χρεῖος,0,1,8
2870,ὄφελες,1,0,5
2871,τρητοῖσι,0,1,3
2872,νοήσας,0,1,8
2873,δαινύμενοι,0,1,7
2874,χαλεποί,1,1,5
2875,νεμεσίζετο,0,1,1
2876,πολιῆς,2,0,17
2877,ἐύ,2,2,29
2878,ἱερῆα,3,0,3
2879,ἐρύσσομεν,1,0,7
2880,ἐνῶρτο,1,0,2
2881,τοιγάρ,0,2,19
2882,θεάων,0,1,39
2883,πάντεσσι,1,0,27
2884,λίην,1,1,41
2885,κλέπτε,1,0,1
2886,σῇς,1,0,2
2887,καθεῦδ,1,0,1
2888,ἀνερχομένῳ,0,1,3
2889,ἀμφαδόν,0,1,6
2890,τάδε,1,1,80
2891,πολίων,1,0,9
2892,κολῳόν,1,0,1
2893,ἀφαιρεῖται,1,0,2
2894,ἐοικότι,0,1,1
2895,τά,12,6,306
2896,ἐφετμέων,1,0,3
2897,πόλεμον,2,1,69
2898,ἐρωήσει,1,0,2
2899,ἐΐκτην,1,0,3
2900,τοῖο,2,0,25
2901,ἀίεις,0,1,1
2902,λοίγια,2,0,2
2903,ἑκηβόλος,2,0,2
2904,Σμινθεῦ,1,0,1
2905,λώϊόν,1,0,1
2906,ἑλώρια,1,0,1
2907,τιν,1,1,70
2908,τελευτήν,0,1,2
2909,Ῥείθρῳ,0,1,1
2910,ἀπόλεσσαν,1,0,1
2911,ῥά,1,0,96
2912,ἀγαθός,2,0,59
2913,διζήμενος,0,1,10
2914,ἀμύξεις,1,0,1
2915,μνηστῆρσι,0,2,17
2916,ἄλλῃ,1,0,19
2917,τοιαῦτά,0,1,4
2918,ἔργον,1,1,70
2919,νόστου,0,1,9
2920,εἰρύσσασθαι,1,0,1
2921,οὐτιδανοῖσιν,1,0,1
2922,ὀϊστοί,1,0,9
2923,Λητοῦς,1,0,3
2924,εἷσεν,1,1,10
2925,ἐρέσθαι,0,1,6
2926,μοι,18,14,745
2927,ἄγε,6,5,166
2928,Κρονίων,1,1,41
2929,δολόμητιν,0,1,3
2930,μνήσατο,0,1,2
2931,εὐνῇ,0,1,15
2932,θανόντι,0,1,5
2933,ζαθέην,2,0,4
2934,μάχαι,1,0,4
2935,ἠλακάτην,0,1,4
2936,ἔλθοι,0,2,33
2937,χρεώ,0,1,15
2938,δεῦρο,1,0,40
2939,καλέσσατο,1,0,3
2940,ἔβη,2,1,41
2941,ἔστω,1,1,21
2942,δοκέει,0,1,9
2943,ἑτάρων,1,0,35
2944,πεποίθῃς,1,0,2
2945,ἀνεδύσετο,1,0,2
2946,πρόσσω,1,0,13
2947,ἐπικλείουσ,0,1,1
2948,τεύχει,1,0,1
2949,δόμοιο,0,1,7
2950,ἀφίκετο,0,1,13
2951,ἀγορεύειν,1,1,11
2952,πρύμνας,1,0,1
2953,ἔρις,1,0,10
2954,ἀπελυμαίνοντο,1,0,1
2955,οὐδοῦ,0,1,12
2956,ἀθέριζον,1,0,1
2957,ἐρετμοῖς,1,0,10
2958,Βρισηΐδα,3,0,5
2959,χείλεσι,0,1,3
2960,αὖ,1,6,169
2961,σαώσεις,1,0,1
2962,πολλάκι,1,0,11
2963,εἷς,1,0,10
2964,καλά,0,2,117
2965,ὄμματ,1,0,2
2966,αὐτῆμαρ,1,0,3
2967,δυναμένοιο,0,1,2
2968,γουνόν,0,1,3
2969,ἔκτοθεν,0,1,4
2970,ἐθέλωμι,1,0,3
2971,λοιμός,1,0,1
2972,ὠδύσαο,0,1,1
2973,θῖν,3,0,10
2974,μοί,2,0,31
2975,ἄνακτι,2,0,26
2976,τάχ,1,0,26
2977,ὀπί,1,0,5
2978,δακρύσας,1,0,3
2979,κλαίεις,1,0,3
2980,πένοντο,1,0,6
2981,ἐθέλῃσθα,1,0,18
2982,ἴσχεο,1,0,8
2983,τοῖον,0,2,33
2984,θύγατερ,0,1,9
2985,θοάς,2,0,17
2986,ἔστησαν,1,0,6
2987,μεγάρων,0,1,14
2988,δύνασαί,1,0,2
2989,φώνησέν,1,0,34
2990,φράσαι,1,0,4
2991,ἀλλ,24,16,935
2992,ἀναβάντες,1,0,8
2993,τοῖς,2,0,62
2994,κελαινεφέϊ,1,0,4
2995,ἔσταν,1,0,16
2996,ἐεικοσάβοια,0,1,1
2997,ὀλοιῇσι,1,0,1
2998,ἀνδρῶν,8,5,336
2999,ἀνιστάμενος,1,0,3
3000,γε,17,13,627
3001,υἷας,1,0,35
3002,Ἀχιλλῆος,1,0,29
3003,μείδησεν,1,0,12
3004,ἥρωα,0,1,8
3005,θείη,0,1,7
3006,στυγέῃ,1,0,1
3007,ἄλκιμον,0,1,24
3008,τίθει,4,1,32
3009,λαοί,2,0,47
3010,ὄρεσσι,1,0,5
3011,ἐπιμνησθείς,0,1,2
3012,ἐπέχευε,0,1,6
3013,κλισμούς,0,1,8
3014,δόμεναι,2,1,23
3015,ἰδοίατο,0,1,3
3016,ἐείκοσιν,1,1,7
3017,ὄχθησαν,1,0,2
3018,χερσί,3,0,87
3019,ἐμούς,1,0,3
3020,μολπῇ,1,0,3
3021,βαρύ,1,0,10
3022,διαπρήσσουσα,1,0,2
3023,χεῖρα,1,0,26
3024,Ἀχιλῆϊ,1,0,34
3025,γυναιξί,0,1,16
3026,ἄτιμος,1,0,1
3027,Ὦπος,0,1,3
3028,δάμνησι,0,1,4
3029,βίηφιν,0,1,9
3030,δύω,2,0,92
3031,φάανθεν,1,0,1
3032,ἀνόρουσε,1,0,10
3033,ἀνά,8,2,138
3034,ὥς,24,13,1438
3035,κρέα,0,1,23
3036,λωβήσαιο,1,0,2
3037,κακῶς,2,0,21
3038,καρτερός,2,0,14
3039,δμῳάων,0,1,3
3040,ἀπολέσθαι,1,0,17
3041,Ἀπόλλωνος,4,0,17
3042,ἑοῖσιν,0,1,6
3043,ἀντιφέρεσθαι,1,0,3
3044,ἐμή,1,1,18
3045,διέπτατο,0,1,3
3046,ὄρσε,1,0,2
3047,πίπτωσι,1,0,2
3048,ἐθέλεις,1,0,35
3049,ἔργῳ,2,0,8
3050,ἴκμενον,1,0,5
3051,Βρισῆος,1,0,3
3052,θυμοῦ,1,0,15
3053,πρότιθεν,0,1,1
3054,δερκομένοιο,1,0,2
3055,ἔκλυον,1,0,11
3056,σφίσιν,1,0,13
3057,δαίμονας,1,0,1
3058,δεξιτερῇ,1,0,5
3059,βίοτον,0,3,22
3060,δυσομένου,0,1,1
3061,ὅσσον,2,0,43
3062,ἔτερπον,0,1,1
3063,ἐριδαινέμεν,0,1,1
3064,καπνῷ,1,0,2
3065,ὅπως,1,3,55
3066,θνῇσκον,1,0,1
3067,ἑκηβόλῳ,1,0,4
3068,εὐχωλῆς,2,0,2
3069,πολεμίζων,1,0,2
3070,σφωϊν,1,0,6
3071,ἄγγελοι,1,0,2
3072,κράτος,1,2,28
3073,Κίλλάν,1,0,1
3074,τῖσον,1,0,1
3075,τε,62,42,2650
3076,πινόντων,0,1,1
3077,φίλ,0,1,17
3078,ἀργυρέοιο,1,1,8
3079,πολύστονα,1,0,1
3080,τέτληκας,2,0,2
3081,καθέζετ,1,0,6
3082,ξυνδῆσαι,1,0,1
3083,διαρραίσουσι,0,1,2
3084,ἀγλά,1,0,2
3085,ἦδος,1,0,5
3086,γούνων,4,0,25
3087,ταῦτά,1,1,25
3088,ποιητοῖο,0,2,10
3089,ἐνιαυτόν,0,1,13
3090,σοί,11,5,167
3091,δηρόν,0,1,38
3092,οἴνοπα,0,1,10
3093,μαρναμένοιϊν,1,0,1
3094,ἔτρεφε,0,1,9
3095,ἀνέσταν,1,0,5
3096,Ὑπερίονος,0,2,4
3097,Δρύαντά,1,0,1
3098,ἅ,2,0,43
3099,αἰθομένας,0,2,3
3100,δαῖτας,0,1,4
3101,πῶς,2,2,43
3102,εἴρεο,0,1,1
3103,Ἰθάκης,0,3,37
3104,χόλον,3,2,24
3105,πατρώιός,0,1,2
3106,Εὐρύμαχ,0,1,8
3107,Ἀχαιοῖσιν,2,0,11
3108,βριθύ,0,1,6
3109,φάνη,1,0,28
3110,μαχόμην,1,0,2
3111,μνηστήρεσσιν,0,1,8
3112,εἰν,0,1,36
3113,θάνατόν,1,0,13
3114,ἐνοσίχθων,0,1,40
3115,δῖαν,1,0,38
3116,κούρης,3,0,13
3117,εἰσί,0,1,19
3118,στιβαρόν,0,1,14
3119,οὐρανόν,2,2,67
3120,γέ,0,1,12
3121,γενεή,0,1,9
3122,ἀάπτους,1,0,11
3123,καταδύντα,1,0,12
3124,τράπεζαν,0,1,13
3125,τρεψάμενοι,0,1,2
3126,αὐτῷ,0,2,166
3127,ὑψηλήν,0,1,8
3128,ὁμοίης,1,0,1
3129,ἀέκοντε,1,0,10
3130,πρόες,1,0,3
3131,κνίση,1,0,2
3132,πευθοίαθ,0,1,3
3133,ἀνέγνω,0,1,3
3134,με,8,4,293
3135,εὐχομένης,1,0,1
3136,Τηλέμαχον,0,1,39
3137,ποντοπόροιο,1,0,4
3138,θάλασσά,1,0,1
3139,Πειρίθοόν,1,0,2
3140,ὁρόω,0,1,7
3141,λύσω,1,0,4
3142,ὅττεό,0,1,2
3143,ὀμοῦμαι,1,0,4
3144,ἴδῃ,1,0,9
3145,πείθεο,1,0,2
3146,ὀφθαλμοῦ,0,1,3
3147,δώμασιν,0,2,6
3148,ἔστ,0,1,21
3149,ἄριστον,2,0,26
3150,θέλγει,0,1,5
3151,ἱλασσάμενοι,1,0,1
3152,ἐυπλοκάμῳ,0,1,2
3153,κεῖθεν,0,1,11
3154,μηρί,1,0,11
3155,κυδιάνειραν,1,0,5
3156,ἐοικώς,1,0,27
3157,δεινή,1,0,14
3158,ἄμμι,1,1,16
3159,εἴπῃσι,0,1,9
3160,πινυτός,0,1,1
3161,ἔπος,5,1,158
3162,δεπάεσσιν,1,0,10
3163,τετύκοντό,1,0,6
3164,περικαλλέα,0,1,23
3165,ἐπέεσσι,1,0,54
3166,Χρυσηΐς,1,0,1
3167,πείθηται,1,0,1
3168,λαῷ,1,0,2
3169,πυθοίατο,1,0,1
3170,ἔγωγ,1,0,13
3171,ὅθι,0,2,90
3172,μέλιτος,1,0,3
3173,ὕστερον,1,0,15
3174,πατρίδος,0,2,22
3175,τράφεν,2,0,4
3176,Σπάρτην,0,1,5
3177,προσηύδα,2,3,163
3178,ἰδών,2,0,119
3179,βένθεσσιν,1,0,2
3180,μέγα,8,3,306
3181,ἀμφιρύτῃ,0,2,4
3182,ἐδηλήσαντ,1,0,5
3183,Σπάρτηνδε,0,1,1
3184,ἐθέλει,2,0,13
3185,γαίῃ,1,0,45
3186,κῦδος,1,0,73
