,text1,book1,text2,book2,words_in_common,perc_in_common
0,iliad,1,iliad,1,2026,100.0
1,odyssey,1,odyssey,1,1646,100.0
2,iliad,1,odyssey,1,485,15.2181
3,iliad,1,iliad,2,663,16.0184
4,odyssey,1,odyssey,2,535,19.7928
5,iliad,1,odyssey,2,511,16.4467
6,iliad,1,iliad,3,495,15.3774
7,odyssey,1,odyssey,3,505,17.2003
8,iliad,1,odyssey,3,541,16.4939
9,iliad,1,iliad,4,514,14.7151
10,odyssey,1,odyssey,4,699,18.8613
11,iliad,1,odyssey,4,664,16.1126
12,iliad,1,iliad,5,631,14.7602
13,odyssey,1,odyssey,5,457,15.4653
14,iliad,1,odyssey,5,467,14.0451
15,iliad,1,iliad,6,529,15.4543
16,odyssey,1,odyssey,6,393,15.2562
17,iliad,1,odyssey,6,375,12.6093
18,iliad,1,iliad,7,524,16.4884
19,odyssey,1,odyssey,7,429,16.5637
20,iliad,1,odyssey,7,401,13.3756
21,iliad,1,iliad,8,552,15.917
22,odyssey,1,odyssey,8,527,16.8424
23,iliad,1,odyssey,8,559,16.0771
24,iliad,1,iliad,9,667,18.0222
25,odyssey,1,odyssey,9,448,14.0044
26,iliad,1,odyssey,9,497,14.0793
27,iliad,1,iliad,10,525,15.1778
28,odyssey,1,odyssey,10,469,15.0176
29,iliad,1,odyssey,10,489,14.0396
30,iliad,1,iliad,11,639,15.0282
31,odyssey,1,odyssey,11,527,15.8306
32,iliad,1,odyssey,11,565,15.3909
33,iliad,1,iliad,12,449,13.5038
34,odyssey,1,odyssey,12,379,13.078
35,iliad,1,odyssey,12,440,13.6773
36,iliad,1,iliad,13,596,14.2413
37,odyssey,1,odyssey,13,453,16.0354
38,iliad,1,odyssey,13,492,15.5401
39,iliad,1,iliad,14,530,15.3802
40,odyssey,1,odyssey,14,503,16.0806
41,iliad,1,odyssey,14,524,15.0272
42,iliad,1,iliad,15,590,14.9367
43,odyssey,1,odyssey,15,562,18.4686
44,iliad,1,odyssey,15,525,15.1734
45,iliad,1,iliad,16,637,14.9953
46,odyssey,1,odyssey,16,550,19.7345
47,iliad,1,odyssey,16,514,16.0475
48,iliad,1,iliad,17,560,14.4928
49,odyssey,1,odyssey,17,575,18.4531
50,iliad,1,odyssey,17,535,15.1301
51,iliad,1,iliad,18,588,16.0218
52,odyssey,1,odyssey,18,510,18.532
53,iliad,1,odyssey,18,460,14.4563
54,iliad,1,iliad,19,506,16.0993
55,odyssey,1,odyssey,19,531,16.4702
56,iliad,1,odyssey,19,523,14.4795
57,iliad,1,iliad,20,509,15.2669
58,odyssey,1,odyssey,20,448,16.5558
59,iliad,1,odyssey,20,435,14.0368
60,iliad,1,iliad,21,542,14.829
61,odyssey,1,odyssey,21,491,18.1114
62,iliad,1,odyssey,21,439,13.9675
63,iliad,1,iliad,22,490,14.2566
64,odyssey,1,odyssey,22,452,15.3585
65,iliad,1,odyssey,22,458,13.8077
66,iliad,1,iliad,23,658,15.5556
67,odyssey,1,odyssey,23,433,16.4827
68,iliad,1,odyssey,23,427,14.1719
69,iliad,1,iliad,24,701,17.702
70,odyssey,1,odyssey,24,549,17.9119
71,iliad,1,odyssey,24,551,16.0035
72,iliad,2,odyssey,1,489,12.4333
73,iliad,2,iliad,2,2776,100.0
74,odyssey,2,odyssey,2,1592,100.0
75,iliad,2,odyssey,2,488,12.5773
76,iliad,2,iliad,3,553,14.1396
77,odyssey,2,odyssey,3,496,17.1567
78,iliad,2,odyssey,3,573,14.3322
79,iliad,2,iliad,4,618,14.9311
80,odyssey,2,odyssey,4,659,17.8494
81,iliad,2,odyssey,4,725,15.0728
82,iliad,2,iliad,5,717,14.5171
83,odyssey,2,odyssey,5,462,15.953
84,iliad,2,odyssey,5,489,12.0651
85,iliad,2,iliad,6,570,13.7948
86,odyssey,2,odyssey,6,398,15.8125
87,iliad,2,odyssey,6,417,11.3254
88,iliad,2,iliad,7,609,15.847
89,odyssey,2,odyssey,7,422,16.5946
90,iliad,2,odyssey,7,419,11.2332
91,iliad,2,iliad,8,614,14.7738
92,odyssey,2,odyssey,8,522,16.9481
93,iliad,2,odyssey,8,575,13.6547
94,iliad,2,iliad,9,725,16.5035
95,odyssey,2,odyssey,9,468,14.976
96,iliad,2,odyssey,9,517,12.1362
97,iliad,2,iliad,10,624,15.1825
98,odyssey,2,odyssey,10,471,15.357
99,iliad,2,odyssey,10,495,11.7104
100,iliad,2,iliad,11,781,16.07
101,odyssey,2,odyssey,11,527,16.0916
102,iliad,2,odyssey,11,570,12.9076
103,iliad,2,iliad,12,545,13.6969
104,odyssey,2,odyssey,12,401,14.2098
105,iliad,2,odyssey,12,467,11.8528
106,iliad,2,iliad,13,719,14.9418
107,odyssey,2,odyssey,13,451,16.264
108,iliad,2,odyssey,13,488,12.449
109,iliad,2,iliad,14,612,14.876
110,odyssey,2,odyssey,14,478,15.4243
111,iliad,2,odyssey,14,547,12.9805
112,iliad,2,iliad,15,703,15.3259
113,odyssey,2,odyssey,15,535,17.7387
114,iliad,2,odyssey,15,546,13.0341
115,iliad,2,iliad,16,711,14.4395
116,odyssey,2,odyssey,16,505,18.1785
117,iliad,2,odyssey,16,517,13.0886
118,iliad,2,iliad,17,642,14.1659
119,odyssey,2,odyssey,17,551,17.8548
120,iliad,2,odyssey,17,579,13.6492
121,iliad,2,iliad,18,612,13.9217
122,odyssey,2,odyssey,18,484,17.768
123,iliad,2,odyssey,18,481,12.2986
124,iliad,2,iliad,19,530,13.6986
125,odyssey,2,odyssey,19,557,17.7163
126,iliad,2,odyssey,19,534,12.273
127,iliad,2,iliad,20,548,13.5476
128,odyssey,2,odyssey,20,461,17.4687
129,iliad,2,odyssey,20,438,11.3885
130,iliad,2,iliad,21,575,13.1519
131,odyssey,2,odyssey,21,450,16.679
132,iliad,2,odyssey,21,448,11.5345
133,iliad,2,iliad,22,526,12.6716
134,odyssey,2,odyssey,22,460,15.9667
135,iliad,2,odyssey,22,471,11.6182
136,iliad,2,iliad,23,713,14.4772
137,odyssey,2,odyssey,23,431,16.7379
138,iliad,2,odyssey,23,400,10.5541
139,iliad,2,iliad,24,713,15.1767
140,odyssey,2,odyssey,24,576,19.3029
141,iliad,2,odyssey,24,587,14.1208
142,iliad,3,odyssey,1,393,13.3628
143,iliad,3,odyssey,2,419,14.6452
144,iliad,3,iliad,3,1688,100.0
145,odyssey,3,odyssey,3,1795,100.0
146,iliad,3,odyssey,3,442,14.5347
147,iliad,3,iliad,4,518,16.4392
148,odyssey,3,odyssey,4,707,18.378
149,iliad,3,odyssey,4,558,14.3482
150,iliad,3,iliad,5,616,15.587
151,odyssey,3,odyssey,5,464,14.9822
152,iliad,3,odyssey,5,380,12.3617
153,iliad,3,iliad,6,527,17.0716
154,odyssey,3,odyssey,6,395,14.5061
155,iliad,3,odyssey,6,354,13.3233
156,iliad,3,iliad,7,534,18.8693
157,odyssey,3,odyssey,7,406,14.6995
158,iliad,3,odyssey,7,346,12.744
159,iliad,3,iliad,8,486,15.2065
160,odyssey,3,odyssey,8,527,16.0769
161,iliad,3,odyssey,8,465,14.3829
162,iliad,3,iliad,9,507,14.3911
163,odyssey,3,odyssey,9,474,14.2685
164,iliad,3,odyssey,9,420,12.848
165,iliad,3,iliad,10,503,16.0038
166,odyssey,3,odyssey,10,481,14.7546
167,iliad,3,odyssey,10,426,13.2793
168,iliad,3,iliad,11,616,15.6464
169,odyssey,3,odyssey,11,530,15.2518
170,iliad,3,odyssey,11,466,13.5781
171,iliad,3,iliad,12,431,14.3428
172,odyssey,3,odyssey,12,413,13.7073
173,iliad,3,odyssey,12,357,12.0527
174,iliad,3,iliad,13,574,14.8359
175,odyssey,3,odyssey,13,456,15.3484
176,iliad,3,odyssey,13,412,14.1678
177,iliad,3,iliad,14,494,15.7125
178,odyssey,3,odyssey,14,506,15.4551
179,iliad,3,odyssey,14,440,13.6097
180,iliad,3,iliad,15,564,15.503
181,odyssey,3,odyssey,15,592,18.7223
182,iliad,3,odyssey,15,448,14.0044
183,iliad,3,iliad,16,596,15.0848
184,odyssey,3,odyssey,16,484,16.1226
185,iliad,3,odyssey,16,432,14.659
186,iliad,3,iliad,17,543,15.326
187,odyssey,3,odyssey,17,539,16.3284
188,iliad,3,odyssey,17,486,14.9677
189,iliad,3,iliad,18,515,15.1248
190,odyssey,3,odyssey,18,435,14.6169
191,iliad,3,odyssey,18,420,14.5631
192,iliad,3,iliad,19,460,16.1347
193,odyssey,3,odyssey,19,522,15.4347
194,iliad,3,odyssey,19,439,13.0733
195,iliad,3,iliad,20,461,15.1445
196,odyssey,3,odyssey,20,422,14.6477
197,iliad,3,odyssey,20,379,13.454
198,iliad,3,iliad,21,483,14.3069
199,odyssey,3,odyssey,21,413,14.0572
200,iliad,3,odyssey,21,405,14.2656
201,iliad,3,iliad,22,463,14.8113
202,odyssey,3,odyssey,22,446,14.3964
203,iliad,3,odyssey,22,442,14.7579
204,iliad,3,iliad,23,566,14.2068
205,odyssey,3,odyssey,23,413,14.7711
206,iliad,3,odyssey,23,383,14.0861
207,iliad,3,iliad,24,555,14.7293
208,odyssey,3,odyssey,24,525,16.2137
209,iliad,3,odyssey,24,483,15.2222
210,iliad,4,odyssey,1,419,13.0611
211,iliad,4,odyssey,2,418,13.2488
212,iliad,4,odyssey,3,448,13.4615
213,iliad,4,iliad,4,1981,100.0
214,odyssey,4,odyssey,4,2759,100.0
215,iliad,4,odyssey,4,580,13.9423
216,iliad,4,iliad,5,714,17.2173
217,odyssey,4,odyssey,5,633,16.2641
218,iliad,4,odyssey,5,413,12.3875
219,iliad,4,iliad,6,550,16.3837
220,odyssey,4,odyssey,6,529,14.8888
221,iliad,4,odyssey,6,355,12.038
222,iliad,4,iliad,7,524,16.7252
223,odyssey,4,odyssey,7,550,15.3546
224,iliad,4,odyssey,7,362,12.0989
225,iliad,4,iliad,8,581,17.1184
226,odyssey,4,odyssey,8,699,17.1744
227,iliad,4,odyssey,8,483,13.7685
228,iliad,4,iliad,9,549,14.5469
229,odyssey,4,odyssey,9,643,15.6182
230,iliad,4,odyssey,9,408,11.4158
231,iliad,4,iliad,10,524,15.3441
232,odyssey,4,odyssey,10,669,16.5758
233,iliad,4,odyssey,10,425,12.1359
234,iliad,4,iliad,11,702,16.9402
235,odyssey,4,odyssey,11,709,16.6432
236,iliad,4,odyssey,11,494,13.3622
237,iliad,4,iliad,12,488,15.0571
238,odyssey,4,odyssey,12,549,14.2932
239,iliad,4,odyssey,12,374,11.5503
240,iliad,4,iliad,13,675,16.6215
241,odyssey,4,odyssey,13,606,16.0106
242,iliad,4,odyssey,13,397,12.3445
243,iliad,4,iliad,14,522,15.3124
244,odyssey,4,odyssey,14,660,16.1606
245,iliad,4,odyssey,14,433,12.2559
246,iliad,4,iliad,15,644,16.7229
247,odyssey,4,odyssey,15,753,18.9912
248,iliad,4,odyssey,15,458,13.1534
249,iliad,4,iliad,16,693,16.7109
250,odyssey,4,odyssey,16,662,17.4762
251,iliad,4,odyssey,16,432,13.3333
252,iliad,4,iliad,17,649,17.3995
253,odyssey,4,odyssey,17,819,20.5521
254,iliad,4,odyssey,17,467,13.1217
255,iliad,4,iliad,18,543,14.7956
256,odyssey,4,odyssey,18,581,15.3137
257,iliad,4,odyssey,18,424,13.3627
258,iliad,4,iliad,19,468,14.9235
259,odyssey,4,odyssey,19,696,16.6826
260,iliad,4,odyssey,19,464,12.7965
261,iliad,4,iliad,20,501,15.1956
262,odyssey,4,odyssey,20,572,15.4804
263,iliad,4,odyssey,20,387,12.4758
264,iliad,4,iliad,21,525,14.4748
265,odyssey,4,odyssey,21,575,15.3743
266,iliad,4,odyssey,21,422,13.5474
267,iliad,4,iliad,22,491,14.4795
268,odyssey,4,odyssey,22,580,14.7658
269,iliad,4,odyssey,22,456,13.9279
270,iliad,4,iliad,23,638,15.1724
271,odyssey,4,odyssey,23,580,16.1425
272,iliad,4,odyssey,23,381,12.641
273,iliad,4,iliad,24,587,14.5694
274,odyssey,4,odyssey,24,708,17.6163
275,iliad,4,odyssey,24,511,14.8633
276,iliad,5,odyssey,1,480,11.8636
277,iliad,5,odyssey,2,482,12.0802
278,iliad,5,odyssey,3,562,13.664
279,iliad,5,odyssey,4,715,14.5207
280,iliad,5,iliad,5,2880,100.0
281,odyssey,5,odyssey,5,1766,100.0
282,iliad,5,odyssey,5,511,12.3579
283,iliad,5,iliad,6,703,17.1338
284,odyssey,5,odyssey,6,421,15.7796
285,iliad,5,odyssey,6,440,11.6928
286,iliad,5,iliad,7,631,16.0764
287,odyssey,5,odyssey,7,456,16.9959
288,iliad,5,odyssey,7,436,11.4226
289,iliad,5,iliad,8,799,19.6074
290,odyssey,5,odyssey,8,508,15.5447
291,iliad,5,odyssey,8,573,13.2731
292,iliad,5,iliad,9,649,14.192
293,odyssey,5,odyssey,9,499,15.2693
294,iliad,5,odyssey,9,519,11.8982
295,iliad,5,iliad,10,665,15.9358
296,odyssey,5,odyssey,10,517,16.1815
297,iliad,5,odyssey,10,503,11.6354
298,iliad,5,iliad,11,939,19.5381
299,odyssey,5,odyssey,11,485,13.8929
300,iliad,5,odyssey,11,608,13.5654
301,iliad,5,iliad,12,617,15.3827
302,odyssey,5,odyssey,12,453,15.3872
303,iliad,5,odyssey,12,421,10.2934
304,iliad,5,iliad,13,912,19.3098
305,odyssey,5,odyssey,13,458,15.5782
306,iliad,5,odyssey,13,487,12.0994
307,iliad,5,iliad,14,668,16.05
308,odyssey,5,odyssey,14,480,14.6744
309,iliad,5,odyssey,14,529,12.2002
310,iliad,5,iliad,15,847,18.6277
311,odyssey,5,odyssey,15,508,15.7911
312,iliad,5,odyssey,15,558,13.0343
313,iliad,5,iliad,16,923,19.1653
314,odyssey,5,odyssey,16,453,15.0799
315,iliad,5,odyssey,16,515,12.6972
316,iliad,5,iliad,17,854,19.3038
317,odyssey,5,odyssey,17,489,14.72
318,iliad,5,odyssey,17,566,12.9846
319,iliad,5,iliad,18,677,15.2649
320,odyssey,5,odyssey,18,411,13.8337
321,iliad,5,odyssey,18,503,12.597
322,iliad,5,iliad,19,572,14.551
323,odyssey,5,odyssey,19,524,15.6371
324,iliad,5,odyssey,19,588,13.3606
325,iliad,5,iliad,20,716,17.9854
326,odyssey,5,odyssey,20,380,13.1306
327,iliad,5,odyssey,20,462,11.7677
328,iliad,5,iliad,21,717,16.5436
329,odyssey,5,odyssey,21,399,13.6504
330,iliad,5,odyssey,21,484,12.247
331,iliad,5,iliad,22,631,15.2048
332,odyssey,5,odyssey,22,437,14.1975
333,iliad,5,odyssey,22,569,14.0148
334,iliad,5,iliad,23,769,15.4635
335,odyssey,5,odyssey,23,442,16.1432
336,iliad,5,odyssey,23,452,11.7647
337,iliad,5,iliad,24,728,15.2079
338,odyssey,5,odyssey,24,490,15.1048
339,iliad,5,odyssey,24,596,14.0169
340,iliad,6,odyssey,1,453,14.5239
341,iliad,6,odyssey,2,428,13.8511
342,iliad,6,odyssey,3,466,14.3164
343,iliad,6,odyssey,4,609,14.9411
344,iliad,6,odyssey,5,446,13.74
345,iliad,6,iliad,6,1926,100.0
346,odyssey,6,odyssey,6,1323,100.0
347,iliad,6,odyssey,6,382,13.324
348,iliad,6,iliad,7,531,17.2908
349,odyssey,6,odyssey,7,401,17.4728
350,iliad,6,odyssey,7,371,12.6708
351,iliad,6,iliad,8,549,16.286
352,odyssey,6,odyssey,8,461,16.0515
353,iliad,6,odyssey,8,492,14.2857
354,iliad,6,iliad,9,579,15.6953
355,odyssey,6,odyssey,9,405,13.8746
356,iliad,6,odyssey,9,447,12.8448
357,iliad,6,iliad,10,532,15.8711
358,odyssey,6,odyssey,10,390,13.5464
359,iliad,6,odyssey,10,441,12.8534
360,iliad,6,iliad,11,683,16.6261
361,odyssey,6,odyssey,11,412,13.2009
362,iliad,6,odyssey,11,530,14.6977
363,iliad,6,iliad,12,495,15.5709
364,odyssey,6,odyssey,12,342,13.0934
365,iliad,6,odyssey,12,373,11.7148
366,iliad,6,iliad,13,645,15.9812
367,odyssey,6,odyssey,13,378,14.6682
368,iliad,6,odyssey,13,427,13.6378
369,iliad,6,iliad,14,521,15.5291
370,odyssey,6,odyssey,14,403,13.8726
371,iliad,6,odyssey,14,452,13.0674
372,iliad,6,iliad,15,651,17.1813
373,odyssey,6,odyssey,15,439,15.4414
374,iliad,6,odyssey,15,514,15.2477
375,iliad,6,iliad,16,664,16.1126
376,odyssey,6,odyssey,16,388,14.7753
377,iliad,6,odyssey,16,461,14.6071
378,iliad,6,iliad,17,616,16.6127
379,odyssey,6,odyssey,17,438,14.9488
380,iliad,6,odyssey,17,481,13.7822
381,iliad,6,iliad,18,536,14.7985
382,odyssey,6,odyssey,18,377,14.7151
383,iliad,6,odyssey,18,441,14.2212
384,iliad,6,iliad,19,475,15.4522
385,odyssey,6,odyssey,19,442,14.7826
386,iliad,6,odyssey,19,479,13.4702
387,iliad,6,iliad,20,553,17.3354
388,odyssey,6,odyssey,20,355,14.3376
389,iliad,6,odyssey,20,390,12.8121
390,iliad,6,iliad,21,546,15.376
391,odyssey,6,odyssey,21,345,13.6148
392,iliad,6,odyssey,21,436,14.3139
393,iliad,6,iliad,22,535,16.2515
394,odyssey,6,odyssey,22,368,13.6095
395,iliad,6,odyssey,22,469,14.6288
396,iliad,6,iliad,23,600,14.3266
397,odyssey,6,odyssey,23,376,15.9255
398,iliad,6,odyssey,23,390,13.2203
399,iliad,6,iliad,24,637,16.2334
400,odyssey,6,odyssey,24,406,14.0728
401,iliad,6,odyssey,24,505,14.9012
402,iliad,7,odyssey,1,409,14.0405
403,iliad,7,odyssey,2,415,14.5461
404,iliad,7,odyssey,3,443,14.6301
405,iliad,7,odyssey,4,562,14.5107
406,iliad,7,odyssey,5,398,13.0749
407,iliad,7,odyssey,6,316,11.7779
408,iliad,7,iliad,7,1676,100.0
409,odyssey,7,odyssey,7,1373,100.0
410,iliad,7,odyssey,7,366,13.6414
411,iliad,7,iliad,8,558,17.9306
412,odyssey,7,odyssey,8,482,16.615
413,iliad,7,odyssey,8,477,14.8644
414,iliad,7,iliad,9,561,16.2279
415,odyssey,7,odyssey,9,399,13.4118
416,iliad,7,odyssey,9,416,12.7568
417,iliad,7,iliad,10,528,16.9994
418,odyssey,7,odyssey,10,417,14.3694
419,iliad,7,odyssey,10,404,12.5544
420,iliad,7,iliad,11,658,16.9457
421,odyssey,7,odyssey,11,442,14.072
422,iliad,7,odyssey,11,489,14.3951
423,iliad,7,iliad,12,475,16.1072
424,odyssey,7,odyssey,12,347,13.0598
425,iliad,7,odyssey,12,373,12.713
426,iliad,7,iliad,13,624,16.3909
427,odyssey,7,odyssey,13,424,16.4277
428,iliad,7,odyssey,13,400,13.7552
429,iliad,7,iliad,14,506,16.2179
430,odyssey,7,odyssey,14,405,13.7149
431,iliad,7,odyssey,14,450,14.0143
432,iliad,7,iliad,15,598,16.6481
433,odyssey,7,odyssey,15,455,15.8151
434,iliad,7,odyssey,15,444,13.9141
435,iliad,7,iliad,16,616,15.7183
436,odyssey,7,odyssey,16,417,15.7537
437,iliad,7,odyssey,16,436,14.8755
438,iliad,7,iliad,17,578,16.5332
439,odyssey,7,odyssey,17,456,15.395
440,iliad,7,odyssey,17,463,14.2112
441,iliad,7,iliad,18,525,15.5188
442,odyssey,7,odyssey,18,404,15.6286
443,iliad,7,odyssey,18,425,14.8239
444,iliad,7,iliad,19,450,15.795
445,odyssey,7,odyssey,19,445,14.6526
446,iliad,7,odyssey,19,443,13.2555
447,iliad,7,iliad,20,490,16.317
448,odyssey,7,odyssey,20,367,14.5982
449,iliad,7,odyssey,20,381,13.5926
450,iliad,7,iliad,21,503,15.0419
451,odyssey,7,odyssey,21,368,14.3694
452,iliad,7,odyssey,21,403,14.2453
453,iliad,7,iliad,22,486,15.7231
454,odyssey,7,odyssey,22,365,13.239
455,iliad,7,odyssey,22,442,14.8173
456,iliad,7,iliad,23,635,16.2695
457,odyssey,7,odyssey,23,398,16.6597
458,iliad,7,odyssey,23,360,13.1868
459,iliad,7,iliad,24,562,14.9907
460,odyssey,7,odyssey,24,442,15.2466
461,iliad,7,odyssey,24,494,15.6825
462,iliad,8,odyssey,1,416,12.9032
463,iliad,8,odyssey,2,415,13.0874
464,iliad,8,odyssey,3,460,13.818
465,iliad,8,odyssey,4,584,14.0082
466,iliad,8,odyssey,5,439,13.2189
467,iliad,8,odyssey,6,367,12.4407
468,iliad,8,odyssey,7,358,11.8976
469,iliad,8,iliad,8,1994,100.0
470,odyssey,8,odyssey,8,2010,100.0
471,iliad,8,odyssey,8,504,14.4
472,iliad,8,iliad,9,591,15.781
473,odyssey,8,odyssey,9,492,13.9812
474,iliad,8,odyssey,9,433,12.1561
475,iliad,8,iliad,10,569,16.8194
476,odyssey,8,odyssey,10,508,14.7332
477,iliad,8,odyssey,10,445,12.7325
478,iliad,8,iliad,11,749,18.2238
479,odyssey,8,odyssey,11,579,15.9022
480,iliad,8,odyssey,11,499,13.4683
481,iliad,8,iliad,12,514,15.9232
482,odyssey,8,odyssey,12,444,13.888
483,iliad,8,odyssey,12,397,12.2986
484,iliad,8,iliad,13,722,17.929
485,odyssey,8,odyssey,13,542,17.4839
486,iliad,8,odyssey,13,422,13.171
487,iliad,8,iliad,14,552,16.2736
488,odyssey,8,odyssey,14,532,15.3624
489,iliad,8,odyssey,14,450,12.7515
490,iliad,8,iliad,15,699,18.3513
491,odyssey,8,odyssey,15,569,16.7353
492,iliad,8,odyssey,15,471,13.5267
493,iliad,8,iliad,16,709,17.1091
494,odyssey,8,odyssey,16,539,17.0462
495,iliad,8,odyssey,16,444,13.6995
496,iliad,8,iliad,17,662,17.748
497,odyssey,8,odyssey,17,570,16.3558
498,iliad,8,odyssey,17,461,12.8843
499,iliad,8,iliad,18,573,15.6857
500,odyssey,8,odyssey,18,508,16.2925
501,iliad,8,odyssey,18,443,13.988
502,iliad,8,iliad,19,494,15.8181
503,odyssey,8,odyssey,19,562,15.7998
504,iliad,8,odyssey,19,465,12.7817
505,iliad,8,iliad,20,533,16.2599
506,odyssey,8,odyssey,20,447,14.5555
507,iliad,8,odyssey,20,396,12.7495
508,iliad,8,iliad,21,566,15.7266
509,odyssey,8,odyssey,21,458,14.7362
510,iliad,8,odyssey,21,417,13.3099
511,iliad,8,iliad,22,555,16.6168
512,odyssey,8,odyssey,22,505,15.5194
513,iliad,8,odyssey,22,465,14.1855
514,iliad,8,iliad,23,660,15.7293
515,odyssey,8,odyssey,23,440,14.7453
516,iliad,8,odyssey,23,387,12.8103
517,iliad,8,iliad,24,606,15.0634
518,odyssey,8,odyssey,24,567,16.6227
519,iliad,8,odyssey,24,502,14.5087
520,iliad,9,odyssey,1,496,14.2039
521,iliad,9,odyssey,2,507,14.7943
522,iliad,9,odyssey,3,533,14.7891
523,iliad,9,odyssey,4,714,16.2754
524,iliad,9,odyssey,5,485,13.3867
525,iliad,9,odyssey,6,402,12.32
526,iliad,9,odyssey,7,418,12.6782
527,iliad,9,odyssey,8,564,14.8891
528,iliad,9,iliad,9,2342,100.0
529,odyssey,9,odyssey,9,2001,100.0
530,iliad,9,odyssey,9,490,12.7174
531,iliad,9,iliad,10,583,15.6847
532,odyssey,9,odyssey,10,597,17.8209
533,iliad,9,odyssey,10,482,12.6642
534,iliad,9,iliad,11,706,15.6854
535,odyssey,9,odyssey,11,568,15.5915
536,iliad,9,odyssey,11,579,14.5734
537,iliad,9,iliad,12,492,13.6743
538,odyssey,9,odyssey,12,528,17.0103
539,iliad,9,odyssey,12,421,11.8525
540,iliad,9,iliad,13,662,14.9267
541,odyssey,9,odyssey,13,473,14.9684
542,iliad,9,odyssey,13,491,14.097
543,iliad,9,iliad,14,552,14.7594
544,odyssey,9,odyssey,14,501,14.3759
545,iliad,9,odyssey,14,546,14.4406
546,iliad,9,iliad,15,640,15.1803
547,odyssey,9,odyssey,15,505,14.6165
548,iliad,9,odyssey,15,551,14.6933
549,iliad,9,iliad,16,672,14.8377
550,odyssey,9,odyssey,16,455,14.0562
551,iliad,9,odyssey,16,536,15.3274
552,iliad,9,iliad,17,609,14.7422
553,odyssey,9,odyssey,17,507,14.3261
554,iliad,9,odyssey,17,559,14.6029
555,iliad,9,iliad,18,635,16.1208
556,odyssey,9,odyssey,18,413,12.8901
557,iliad,9,odyssey,18,512,14.8578
558,iliad,9,iliad,19,556,16.3098
559,odyssey,9,odyssey,19,519,14.4528
560,iliad,9,odyssey,19,537,13.72
561,iliad,9,iliad,20,506,13.8516
562,odyssey,9,odyssey,20,406,13.0841
563,iliad,9,odyssey,20,460,13.5693
564,iliad,9,iliad,21,553,13.9646
565,odyssey,9,odyssey,21,415,13.2081
566,iliad,9,odyssey,21,476,13.91
567,iliad,9,iliad,22,530,14.2742
568,odyssey,9,odyssey,22,436,13.1563
569,iliad,9,odyssey,22,495,13.7653
570,iliad,9,iliad,23,708,15.7473
571,odyssey,9,odyssey,23,393,13.0046
572,iliad,9,odyssey,23,449,13.5773
573,iliad,9,iliad,24,719,16.8859
574,odyssey,9,odyssey,24,504,14.5455
575,iliad,9,odyssey,24,594,15.9849
576,iliad,10,odyssey,1,438,13.8345
577,iliad,10,odyssey,2,461,14.9239
578,iliad,10,odyssey,3,502,15.4414
579,iliad,10,odyssey,4,642,15.7546
580,iliad,10,odyssey,5,432,13.1227
581,iliad,10,odyssey,6,388,13.4117
582,iliad,10,odyssey,7,366,12.344
583,iliad,10,odyssey,8,512,14.8148
584,iliad,10,odyssey,9,441,12.5355
585,iliad,10,iliad,10,1958,100.0
586,odyssey,10,odyssey,10,1946,100.0
587,iliad,10,odyssey,10,457,13.2579
588,iliad,10,iliad,11,695,16.8362
589,odyssey,10,odyssey,11,610,17.2025
590,iliad,10,odyssey,11,500,13.6314
591,iliad,10,iliad,12,484,15.0217
592,odyssey,10,odyssey,12,525,17.2018
593,iliad,10,odyssey,12,396,12.4021
594,iliad,10,iliad,13,647,15.9124
595,odyssey,10,odyssey,13,443,14.1308
596,iliad,10,odyssey,13,437,13.8598
597,iliad,10,iliad,14,539,15.9988
598,odyssey,10,odyssey,14,513,15.0088
599,iliad,10,odyssey,14,501,14.5555
600,iliad,10,iliad,15,593,15.2874
601,odyssey,10,odyssey,15,556,16.602
602,iliad,10,odyssey,15,509,14.9354
603,iliad,10,iliad,16,659,15.849
604,odyssey,10,odyssey,16,459,14.443
605,iliad,10,odyssey,16,474,14.9291
606,iliad,10,iliad,17,615,16.4395
607,odyssey,10,odyssey,17,525,15.1471
608,iliad,10,odyssey,17,503,14.3714
609,iliad,10,iliad,18,549,15.0783
610,odyssey,10,odyssey,18,427,13.6204
611,iliad,10,odyssey,18,431,13.713
612,iliad,10,iliad,19,477,15.3673
613,odyssey,10,odyssey,19,510,14.3865
614,iliad,10,odyssey,19,514,14.4666
615,iliad,10,iliad,20,515,15.7975
616,odyssey,10,odyssey,20,426,14.0687
617,iliad,10,odyssey,20,391,12.7154
618,iliad,10,iliad,21,517,14.3134
619,odyssey,10,odyssey,21,424,13.7752
620,iliad,10,odyssey,21,425,13.7585
621,iliad,10,iliad,22,497,14.7829
622,odyssey,10,odyssey,22,446,13.7273
623,iliad,10,odyssey,22,494,15.375
624,iliad,10,iliad,23,658,15.8097
625,odyssey,10,odyssey,23,416,14.1304
626,iliad,10,odyssey,23,395,13.2684
627,iliad,10,iliad,24,624,15.7218
628,odyssey,10,odyssey,24,522,15.3892
629,iliad,10,odyssey,24,501,14.6277
630,iliad,11,odyssey,1,495,12.3257
631,iliad,11,odyssey,2,499,12.6074
632,iliad,11,odyssey,3,562,13.714
633,iliad,11,odyssey,4,725,14.7989
634,iliad,11,odyssey,5,516,12.5395
635,iliad,11,odyssey,6,419,11.117
636,iliad,11,odyssey,7,423,11.0878
637,iliad,11,odyssey,8,583,13.5834
638,iliad,11,odyssey,9,539,12.4567
639,iliad,11,odyssey,10,550,12.9078
640,iliad,11,iliad,11,2865,100.0
641,odyssey,11,odyssey,11,2210,100.0
642,iliad,11,odyssey,11,595,13.2812
643,iliad,11,iliad,12,649,16.3724
644,odyssey,11,odyssey,12,498,14.8968
645,iliad,11,odyssey,12,463,11.4803
646,iliad,11,iliad,13,896,18.967
647,odyssey,11,odyssey,13,520,15.6532
648,iliad,11,odyssey,13,492,12.2846
649,iliad,11,iliad,14,666,16.0521
650,odyssey,11,odyssey,14,543,14.8686
651,iliad,11,odyssey,14,578,13.53
652,iliad,11,iliad,15,879,19.5333
653,odyssey,11,odyssey,15,558,15.4528
654,iliad,11,odyssey,15,567,13.3192
655,iliad,11,iliad,16,973,20.4799
656,odyssey,11,odyssey,16,532,15.791
657,iliad,11,odyssey,16,527,13.0802
658,iliad,11,iliad,17,888,20.2971
659,odyssey,11,odyssey,17,531,14.2589
660,iliad,11,odyssey,17,588,13.6048
661,iliad,11,iliad,18,714,16.2902
662,odyssey,11,odyssey,18,485,14.5166
663,iliad,11,odyssey,18,501,12.5879
664,iliad,11,iliad,19,567,14.4606
665,odyssey,11,odyssey,19,569,15.1733
666,iliad,11,odyssey,19,579,13.1741
667,iliad,11,iliad,20,699,17.5496
668,odyssey,11,odyssey,20,452,13.8396
669,iliad,11,odyssey,20,453,11.5561
670,iliad,11,iliad,21,681,15.6372
671,odyssey,11,odyssey,21,461,13.9486
672,iliad,11,odyssey,21,481,12.2081
673,iliad,11,iliad,22,648,15.7358
674,odyssey,11,odyssey,22,486,13.9937
675,iliad,11,odyssey,22,593,14.7476
676,iliad,11,iliad,23,824,16.806
677,odyssey,11,odyssey,23,484,15.414
678,iliad,11,odyssey,23,445,11.6067
679,iliad,11,iliad,24,733,15.3765
680,odyssey,11,odyssey,24,596,16.6387
681,iliad,11,odyssey,24,622,14.7708
682,iliad,12,odyssey,1,373,12.3469
683,iliad,12,odyssey,2,364,12.2312
684,iliad,12,odyssey,3,376,11.8724
685,iliad,12,odyssey,4,488,12.1423
686,iliad,12,odyssey,5,370,11.7684
687,iliad,12,odyssey,6,298,10.7465
688,iliad,12,odyssey,7,314,11.1863
689,iliad,12,odyssey,8,424,12.7175
690,iliad,12,odyssey,9,417,12.515
691,iliad,12,odyssey,10,380,11.4665
692,iliad,12,odyssey,11,436,12.3793
693,iliad,12,iliad,12,1748,100.0
694,odyssey,12,odyssey,12,1631,100.0
695,iliad,12,odyssey,12,366,12.1474
696,iliad,12,iliad,13,675,17.6332
697,odyssey,12,odyssey,13,414,14.5314
698,iliad,12,odyssey,13,369,12.2551
699,iliad,12,iliad,14,487,15.1666
700,odyssey,12,odyssey,14,464,14.7208
701,iliad,12,odyssey,14,387,11.566
702,iliad,12,iliad,15,642,17.7348
703,odyssey,12,odyssey,15,450,14.3312
704,iliad,12,odyssey,15,385,11.5894
705,iliad,12,iliad,16,638,16.0746
706,odyssey,12,odyssey,16,401,13.7282
707,iliad,12,odyssey,16,376,12.2755
708,iliad,12,iliad,17,634,18.0524
709,odyssey,12,odyssey,17,417,12.7953
710,iliad,12,odyssey,17,393,11.5588
711,iliad,12,iliad,18,503,14.4665
712,odyssey,12,odyssey,18,368,12.7822
713,iliad,12,odyssey,18,363,12.096
714,iliad,12,iliad,19,389,13.0449
715,odyssey,12,odyssey,19,432,13.0593
716,iliad,12,odyssey,19,400,11.5707
717,iliad,12,iliad,20,492,16.0104
718,odyssey,12,odyssey,20,351,12.5897
719,iliad,12,odyssey,20,331,11.3162
720,iliad,12,iliad,21,488,14.2233
721,odyssey,12,odyssey,21,354,12.4956
722,iliad,12,odyssey,21,367,12.4957
723,iliad,12,iliad,22,429,13.323
724,odyssey,12,odyssey,22,377,12.5541
725,iliad,12,odyssey,22,423,13.7606
726,iliad,12,iliad,23,553,13.6308
727,odyssey,12,odyssey,23,346,12.8196
728,iliad,12,odyssey,23,342,12.1277
729,iliad,12,iliad,24,498,12.8185
730,odyssey,12,odyssey,24,403,12.6095
731,iliad,12,odyssey,24,415,12.5719
732,iliad,13,odyssey,1,478,12.1846
733,iliad,13,odyssey,2,494,12.8212
734,iliad,13,odyssey,3,506,12.5124
735,iliad,13,odyssey,4,701,14.5647
736,iliad,13,odyssey,5,503,12.5187
737,iliad,13,odyssey,6,403,10.966
738,iliad,13,odyssey,7,391,10.4629
739,iliad,13,odyssey,8,564,13.4254
740,iliad,13,odyssey,9,501,11.7744
741,iliad,13,odyssey,10,501,11.9286
742,iliad,13,odyssey,11,603,13.8239
743,iliad,13,odyssey,12,451,11.4612
744,iliad,13,iliad,13,2755,100.0
745,odyssey,13,odyssey,13,1632,100.0
746,iliad,13,odyssey,13,463,11.7992
747,iliad,13,iliad,14,707,17.6838
748,odyssey,13,odyssey,14,497,15.9295
749,iliad,13,odyssey,14,534,12.6961
750,iliad,13,iliad,15,866,19.6684
751,odyssey,13,odyssey,15,513,16.6667
752,iliad,13,odyssey,15,554,13.3173
753,iliad,13,iliad,16,959,20.6015
754,odyssey,13,odyssey,16,509,18.0881
755,iliad,13,odyssey,16,496,12.557
756,iliad,13,iliad,17,869,20.2848
757,odyssey,13,odyssey,17,520,16.4713
758,iliad,13,odyssey,17,540,12.6761
759,iliad,13,iliad,18,661,15.2797
760,odyssey,13,odyssey,18,447,15.9586
761,iliad,13,odyssey,18,494,12.7418
762,iliad,13,iliad,19,558,14.6073
763,odyssey,13,odyssey,19,514,15.9281
764,iliad,13,odyssey,19,556,12.9062
765,iliad,13,iliad,20,672,17.2308
766,odyssey,13,odyssey,20,408,14.9341
767,iliad,13,odyssey,20,435,11.3636
768,iliad,13,iliad,21,665,15.6067
769,odyssey,13,odyssey,21,397,14.2243
770,iliad,13,odyssey,21,452,11.7129
771,iliad,13,iliad,22,609,15.0482
772,odyssey,13,odyssey,22,429,14.5325
773,iliad,13,odyssey,22,545,13.7661
774,iliad,13,iliad,23,773,15.9579
775,odyssey,13,odyssey,23,423,16.1266
776,iliad,13,odyssey,23,436,11.6796
777,iliad,13,iliad,24,694,14.7785
778,odyssey,13,odyssey,24,509,16.4672
779,iliad,13,odyssey,24,574,13.8347
780,iliad,14,odyssey,1,420,13.2242
781,iliad,14,odyssey,2,440,14.1844
782,iliad,14,odyssey,3,458,13.9337
783,iliad,14,odyssey,4,601,14.63
784,iliad,14,odyssey,5,460,14.1278
785,iliad,14,odyssey,6,367,12.629
786,iliad,14,odyssey,7,367,12.4154
787,iliad,14,odyssey,8,514,14.9158
788,iliad,14,odyssey,9,459,13.1443
789,iliad,14,odyssey,10,460,13.3877
790,iliad,14,odyssey,11,503,13.7544
791,iliad,14,odyssey,12,388,12.1516
792,iliad,14,odyssey,13,419,13.2469
793,iliad,14,iliad,14,1950,100.0
794,odyssey,14,odyssey,14,1985,100.0
795,iliad,14,odyssey,14,437,12.4929
796,iliad,14,iliad,15,662,17.4119
797,odyssey,14,odyssey,15,608,18.2254
798,iliad,14,odyssey,15,494,14.4656
799,iliad,14,iliad,16,664,16.0193
800,odyssey,14,odyssey,16,566,18.1994
801,iliad,14,odyssey,16,440,13.7457
802,iliad,14,iliad,17,619,16.5996
803,odyssey,14,odyssey,17,633,18.6341
804,iliad,14,odyssey,17,487,13.8826
805,iliad,14,iliad,18,574,15.9091
806,odyssey,14,odyssey,18,472,15.0847
807,iliad,14,odyssey,18,434,13.857
808,iliad,14,iliad,19,478,15.4443
809,odyssey,14,odyssey,19,594,16.9714
810,iliad,14,odyssey,19,481,13.4433
811,iliad,14,iliad,20,532,16.4451
812,odyssey,14,odyssey,20,464,15.3186
813,iliad,14,odyssey,20,383,12.4553
814,iliad,14,iliad,21,551,15.4342
815,odyssey,14,odyssey,21,466,15.1545
816,iliad,14,odyssey,21,397,12.7694
817,iliad,14,iliad,22,489,14.5449
818,odyssey,14,odyssey,22,472,14.4697
819,iliad,14,odyssey,22,456,14.0611
820,iliad,14,iliad,23,616,14.6806
821,odyssey,14,odyssey,23,417,13.9839
822,iliad,14,odyssey,23,392,13.1898
823,iliad,14,iliad,24,600,15.0565
824,odyssey,14,odyssey,24,566,16.711
825,iliad,14,odyssey,24,495,14.461
826,iliad,15,odyssey,1,497,13.5681
827,iliad,15,odyssey,2,481,13.269
828,iliad,15,odyssey,3,505,13.2755
829,iliad,15,odyssey,4,689,15.0305
830,iliad,15,odyssey,5,499,13.1976
831,iliad,15,odyssey,6,416,12.1602
832,iliad,15,odyssey,7,401,11.5032
833,iliad,15,odyssey,8,563,14.2136
834,iliad,15,odyssey,9,511,12.7622
835,iliad,15,odyssey,10,485,12.2013
836,iliad,15,odyssey,11,555,13.3125
837,iliad,15,odyssey,12,452,12.2394
838,iliad,15,odyssey,13,464,12.6018
839,iliad,15,odyssey,14,514,12.8984
840,iliad,15,iliad,15,2514,100.0
841,odyssey,15,odyssey,15,1959,100.0
842,iliad,15,odyssey,15,540,13.73
843,iliad,15,iliad,16,868,19.2675
844,odyssey,15,odyssey,16,576,18.7378
845,iliad,15,odyssey,16,511,13.8332
846,iliad,15,iliad,17,814,19.8633
847,odyssey,15,odyssey,17,630,18.6722
848,iliad,15,odyssey,17,550,13.7191
849,iliad,15,iliad,18,660,16.1527
850,odyssey,15,odyssey,18,515,16.8301
851,iliad,15,odyssey,18,464,12.6568
852,iliad,15,iliad,19,528,14.6301
853,odyssey,15,odyssey,19,594,17.0984
854,iliad,15,odyssey,19,525,12.8111
855,iliad,15,iliad,20,634,17.149
856,odyssey,15,odyssey,20,499,16.8127
857,iliad,15,odyssey,20,436,12.1584
858,iliad,15,iliad,21,678,16.9204
859,odyssey,15,odyssey,21,481,15.8537
860,iliad,15,odyssey,21,473,13.1498
861,iliad,15,iliad,22,590,15.4248
862,odyssey,15,odyssey,22,494,15.3703
863,iliad,15,odyssey,22,543,14.5968
864,iliad,15,iliad,23,720,15.4639
865,odyssey,15,odyssey,23,468,16.1102
866,iliad,15,odyssey,23,425,12.1325
867,iliad,15,iliad,24,680,15.2159
868,odyssey,15,odyssey,24,585,17.5045
869,iliad,15,odyssey,24,564,14.3951
870,iliad,16,odyssey,1,479,11.8977
871,iliad,16,odyssey,2,473,11.8904
872,iliad,16,odyssey,3,526,12.7422
873,iliad,16,odyssey,4,663,13.3804
874,iliad,16,odyssey,5,511,12.421
875,iliad,16,odyssey,6,405,10.7228
876,iliad,16,odyssey,7,396,10.3233
877,iliad,16,odyssey,8,545,12.6041
878,iliad,16,odyssey,9,524,12.0849
879,iliad,16,odyssey,10,515,12.0047
880,iliad,16,odyssey,11,616,13.8334
881,iliad,16,odyssey,12,440,10.8642
882,iliad,16,odyssey,13,483,12.0509
883,iliad,16,odyssey,14,534,12.3898
884,iliad,16,odyssey,15,544,12.7281
885,iliad,16,iliad,16,2859,100.0
886,odyssey,16,odyssey,16,1691,100.0
887,iliad,16,odyssey,16,521,12.9312
888,iliad,16,iliad,17,890,20.3801
889,odyssey,16,odyssey,17,627,20.1673
890,iliad,16,odyssey,17,554,12.7356
891,iliad,16,iliad,18,714,16.3125
892,odyssey,16,odyssey,18,526,18.9141
893,iliad,16,odyssey,18,504,12.692
894,iliad,16,iliad,19,621,16.0839
895,odyssey,16,odyssey,19,598,18.6758
896,iliad,16,odyssey,19,555,12.5765
897,iliad,16,iliad,20,678,16.9585
898,odyssey,16,odyssey,20,492,18.1751
899,iliad,16,odyssey,20,429,10.8939
900,iliad,16,iliad,21,715,16.5701
901,odyssey,16,odyssey,21,543,20.0814
902,iliad,16,odyssey,21,465,11.7722
903,iliad,16,iliad,22,641,15.562
904,odyssey,16,odyssey,22,531,18.2537
905,iliad,16,odyssey,22,560,13.834
906,iliad,16,iliad,23,801,16.2805
907,odyssey,16,odyssey,23,468,17.7474
908,iliad,16,odyssey,23,416,10.7856
909,iliad,16,iliad,24,739,15.5415
910,odyssey,16,odyssey,24,589,19.1857
911,iliad,16,odyssey,24,588,13.8712
912,iliad,17,odyssey,1,446,12.3958
913,iliad,17,odyssey,2,458,12.9672
914,iliad,17,odyssey,3,488,13.1714
915,iliad,17,odyssey,4,628,13.8662
916,iliad,17,odyssey,5,451,12.1465
917,iliad,17,odyssey,6,390,11.7082
918,iliad,17,odyssey,7,386,11.4032
919,iliad,17,odyssey,8,519,13.3453
920,iliad,17,odyssey,9,474,12.0764
921,iliad,17,odyssey,10,472,12.1901
922,iliad,17,odyssey,11,551,13.5815
923,iliad,17,odyssey,12,431,11.9789
924,iliad,17,odyssey,13,451,12.6013
925,iliad,17,odyssey,14,506,13.0513
926,iliad,17,odyssey,15,501,12.9927
927,iliad,17,odyssey,16,483,13.3943
928,iliad,17,iliad,17,2398,100.0
929,odyssey,17,odyssey,17,2045,100.0
930,iliad,17,odyssey,17,527,13.4576
931,iliad,17,iliad,18,656,16.5073
932,odyssey,17,odyssey,18,581,18.8636
933,iliad,17,odyssey,18,463,13.0386
934,iliad,17,iliad,19,523,14.9514
935,odyssey,17,odyssey,19,649,18.5164
936,iliad,17,odyssey,19,524,13.1559
937,iliad,17,iliad,20,654,18.3656
938,odyssey,17,odyssey,20,560,18.7103
939,iliad,17,odyssey,20,419,12.0161
940,iliad,17,iliad,21,625,15.8469
941,odyssey,17,odyssey,21,551,18.0656
942,iliad,17,odyssey,21,449,12.8103
943,iliad,17,iliad,22,608,16.4725
944,odyssey,17,odyssey,22,558,17.2435
945,iliad,17,odyssey,22,526,14.5264
946,iliad,17,iliad,23,740,16.3717
947,odyssey,17,odyssey,23,490,16.5039
948,iliad,17,odyssey,23,397,11.6252
949,iliad,17,iliad,24,667,15.2771
950,odyssey,17,odyssey,24,577,16.7928
951,iliad,17,odyssey,24,557,14.6233
952,iliad,18,odyssey,1,465,13.6244
953,iliad,18,odyssey,2,458,13.6067
954,iliad,18,odyssey,3,502,14.2411
955,iliad,18,odyssey,4,651,15.0
956,iliad,18,odyssey,5,472,13.3863
957,iliad,18,odyssey,6,406,12.893
958,iliad,18,odyssey,7,399,12.4454
959,iliad,18,odyssey,8,563,15.3031
960,iliad,18,odyssey,9,485,12.9402
961,iliad,18,odyssey,10,490,13.2863
962,iliad,18,odyssey,11,540,13.8391
963,iliad,18,odyssey,12,425,12.3618
964,iliad,18,odyssey,13,461,13.5469
965,iliad,18,odyssey,14,514,13.8806
966,iliad,18,odyssey,15,509,13.824
967,iliad,18,odyssey,16,484,14.0739
968,iliad,18,odyssey,17,518,13.7803
969,iliad,18,iliad,18,2232,100.0
970,odyssey,18,odyssey,18,1616,100.0
971,iliad,18,odyssey,18,470,13.9136
972,iliad,18,iliad,19,533,16.0446
973,odyssey,18,odyssey,19,568,17.9918
974,iliad,18,odyssey,19,519,13.5793
975,iliad,18,iliad,20,569,16.3506
976,odyssey,18,odyssey,20,513,19.6476
977,iliad,18,odyssey,20,433,13.0934
978,iliad,18,iliad,21,585,15.3222
979,odyssey,18,odyssey,21,499,18.6682
980,iliad,18,odyssey,21,438,13.0746
981,iliad,18,iliad,22,569,15.9652
982,odyssey,18,odyssey,22,499,17.411
983,iliad,18,odyssey,22,469,13.3542
984,iliad,18,iliad,23,683,15.484
985,odyssey,18,odyssey,23,412,15.7372
986,iliad,18,odyssey,23,417,12.9142
987,iliad,18,iliad,24,683,16.3241
988,odyssey,18,odyssey,24,532,17.4312
989,iliad,18,odyssey,24,561,15.4163
990,iliad,19,odyssey,1,396,13.7835
991,iliad,19,odyssey,2,417,14.9035
992,iliad,19,odyssey,3,406,13.4794
993,iliad,19,odyssey,4,562,14.712
994,iliad,19,odyssey,5,394,13.1553
995,iliad,19,odyssey,6,345,13.2641
996,iliad,19,odyssey,7,334,12.547
997,iliad,19,odyssey,8,460,14.4973
998,iliad,19,odyssey,9,389,12.0247
999,iliad,19,odyssey,10,410,12.9788
1000,iliad,19,odyssey,11,468,13.9079
1001,iliad,19,odyssey,12,370,12.8294
1002,iliad,19,odyssey,13,389,13.5729
1003,iliad,19,odyssey,14,431,13.5663
1004,iliad,19,odyssey,15,467,14.992
1005,iliad,19,odyssey,16,428,14.8302
1006,iliad,19,odyssey,17,445,13.807
1007,iliad,19,odyssey,18,404,14.2504
1008,iliad,19,iliad,19,1623,100.0
1009,odyssey,19,odyssey,19,2109,100.0
1010,iliad,19,odyssey,19,439,13.3313
1011,iliad,19,iliad,20,462,15.5138
1012,odyssey,19,odyssey,20,492,15.744
1013,iliad,19,odyssey,20,377,13.6892
1014,iliad,19,iliad,21,482,14.5531
1015,odyssey,19,odyssey,21,551,17.6943
1016,iliad,19,odyssey,21,383,13.6981
1017,iliad,19,iliad,22,459,14.9755
1018,odyssey,19,odyssey,22,526,15.7863
1019,iliad,19,odyssey,22,410,13.842
1020,iliad,19,iliad,23,562,14.3258
1021,odyssey,19,odyssey,23,516,17.16
1022,iliad,19,odyssey,23,364,13.6177
1023,iliad,19,iliad,24,575,15.6123
1024,odyssey,19,odyssey,24,648,18.8976
1025,iliad,19,odyssey,24,462,14.7651
1026,iliad,20,odyssey,1,401,13.096
1027,iliad,20,odyssey,2,399,13.2558
1028,iliad,20,odyssey,3,414,12.9456
1029,iliad,20,odyssey,4,549,13.633
1030,iliad,20,odyssey,5,414,13.0641
1031,iliad,20,odyssey,6,373,13.4803
1032,iliad,20,odyssey,7,342,12.0084
1033,iliad,20,odyssey,8,489,14.6495
1034,iliad,20,odyssey,9,432,12.7584
1035,iliad,20,odyssey,10,416,12.429
1036,iliad,20,odyssey,11,501,14.2087
1037,iliad,20,odyssey,12,378,12.3127
1038,iliad,20,odyssey,13,401,13.1562
1039,iliad,20,odyssey,14,433,12.8525
1040,iliad,20,odyssey,15,447,13.4275
1041,iliad,20,odyssey,16,439,14.3043
1042,iliad,20,odyssey,17,453,13.2884
1043,iliad,20,odyssey,18,402,13.2629
1044,iliad,20,odyssey,19,447,12.8485
1045,iliad,20,iliad,20,1817,100.0
1046,odyssey,20,odyssey,20,1508,100.0
1047,iliad,20,odyssey,20,377,12.7883
1048,iliad,20,iliad,21,641,19.1515
1049,odyssey,20,odyssey,21,478,18.4841
1050,iliad,20,odyssey,21,405,13.6456
1051,iliad,20,iliad,22,530,16.6248
1052,odyssey,20,odyssey,22,462,16.5295
1053,iliad,20,odyssey,22,465,14.9952
1054,iliad,20,iliad,23,602,14.7658
1055,odyssey,20,odyssey,23,394,15.5854
1056,iliad,20,odyssey,23,350,12.1486
1057,iliad,20,iliad,24,571,14.7127
1058,odyssey,20,odyssey,24,466,15.4817
1059,iliad,20,odyssey,24,467,14.0747
1060,iliad,21,odyssey,1,416,12.2317
1061,iliad,21,odyssey,2,420,12.5636
1062,iliad,21,odyssey,3,461,13.1526
1063,iliad,21,odyssey,4,590,13.5945
1064,iliad,21,odyssey,5,483,13.9838
1065,iliad,21,odyssey,6,376,12.059
1066,iliad,21,odyssey,7,382,12.081
1067,iliad,21,odyssey,8,501,13.6141
1068,iliad,21,odyssey,9,483,13.093
1069,iliad,21,odyssey,10,433,11.7535
1070,iliad,21,odyssey,11,544,14.1777
1071,iliad,21,odyssey,12,406,11.9552
1072,iliad,21,odyssey,13,417,12.3154
1073,iliad,21,odyssey,14,446,12.0216
1074,iliad,21,odyssey,15,480,13.1507
1075,iliad,21,odyssey,16,453,13.2884
1076,iliad,21,odyssey,17,487,13.0598
1077,iliad,21,odyssey,18,445,13.3154
1078,iliad,21,odyssey,19,499,13.1976
1079,iliad,21,odyssey,20,387,11.7558
1080,iliad,21,iliad,21,2171,100.0
1081,odyssey,21,odyssey,21,1556,100.0
1082,iliad,21,odyssey,21,418,12.6322
1083,iliad,21,iliad,22,589,16.9107
1084,odyssey,21,odyssey,22,496,17.6575
1085,iliad,21,odyssey,22,475,13.7881
1086,iliad,21,iliad,23,627,14.2306
1087,odyssey,21,odyssey,23,408,15.9251
1088,iliad,21,odyssey,23,397,12.4529
1089,iliad,21,iliad,24,614,14.6469
1090,odyssey,21,odyssey,24,494,16.3036
1091,iliad,21,odyssey,24,522,14.4318
1092,iliad,22,odyssey,1,404,12.854
1093,iliad,22,odyssey,2,417,13.5566
1094,iliad,22,odyssey,3,405,12.3063
1095,iliad,22,odyssey,4,543,13.1892
1096,iliad,22,odyssey,5,419,12.9002
1097,iliad,22,odyssey,6,346,12.0222
1098,iliad,22,odyssey,7,350,11.9699
1099,iliad,22,odyssey,8,466,13.5269
1100,iliad,22,odyssey,9,404,11.5495
1101,iliad,22,odyssey,10,428,12.5183
1102,iliad,22,odyssey,11,487,13.4382
1103,iliad,22,odyssey,12,371,11.7368
1104,iliad,22,odyssey,13,405,12.9476
1105,iliad,22,odyssey,14,433,12.5398
1106,iliad,22,odyssey,15,443,12.9646
1107,iliad,22,odyssey,16,440,13.9594
1108,iliad,22,odyssey,17,466,13.3908
1109,iliad,22,odyssey,18,422,13.6349
1110,iliad,22,odyssey,19,477,13.5013
1111,iliad,22,odyssey,20,373,12.2859
1112,iliad,22,odyssey,21,402,13.1588
1113,iliad,22,iliad,22,1901,100.0
1114,odyssey,22,odyssey,22,1749,100.0
1115,iliad,22,odyssey,22,466,14.6357
1116,iliad,22,iliad,23,613,14.7711
1117,odyssey,22,odyssey,23,436,15.9883
1118,iliad,22,odyssey,23,377,12.8319
1119,iliad,22,iliad,24,629,16.0993
1120,odyssey,22,odyssey,24,543,17.1078
1121,iliad,22,odyssey,24,508,15.1145
1122,iliad,23,odyssey,1,492,12.251
1123,iliad,23,odyssey,2,522,13.2757
1124,iliad,23,odyssey,3,573,14.0304
1125,iliad,23,odyssey,4,753,15.4684
1126,iliad,23,odyssey,5,531,12.9607
1127,iliad,23,odyssey,6,439,11.7192
1128,iliad,23,odyssey,7,442,11.653
1129,iliad,23,odyssey,8,620,14.5814
1130,iliad,23,odyssey,9,544,12.5955
1131,iliad,23,odyssey,10,534,12.4942
1132,iliad,23,odyssey,11,614,13.773
1133,iliad,23,odyssey,12,474,11.794
1134,iliad,23,odyssey,13,524,13.199
1135,iliad,23,odyssey,14,530,12.277
1136,iliad,23,odyssey,15,587,13.864
1137,iliad,23,odyssey,16,547,13.6545
1138,iliad,23,odyssey,17,591,13.6932
1139,iliad,23,odyssey,18,512,12.9097
1140,iliad,23,odyssey,19,594,13.5709
1141,iliad,23,odyssey,20,467,11.9652
1142,iliad,23,odyssey,21,501,12.7904
1143,iliad,23,odyssey,22,533,13.0701
1144,iliad,23,iliad,23,2862,100.0
1145,odyssey,23,odyssey,23,1414,100.0
1146,iliad,23,odyssey,23,466,12.231
1147,iliad,23,iliad,24,791,16.8083
1148,odyssey,23,odyssey,24,488,16.8625
1149,iliad,23,odyssey,24,624,14.8359
1150,iliad,24,odyssey,1,551,14.7721
1151,iliad,24,odyssey,2,528,14.2741
1152,iliad,24,odyssey,3,579,15.0351
1153,iliad,24,odyssey,4,819,17.9016
1154,iliad,24,odyssey,5,538,13.927
1155,iliad,24,odyssey,6,462,13.2151
1156,iliad,24,odyssey,7,483,13.7021
1157,iliad,24,odyssey,8,632,15.7488
1158,iliad,24,odyssey,9,538,13.1284
1159,iliad,24,odyssey,10,575,14.3535
1160,iliad,24,odyssey,11,617,14.5932
1161,iliad,24,odyssey,12,465,12.2336
1162,iliad,24,odyssey,13,518,13.817
1163,iliad,24,odyssey,14,578,14.2999
1164,iliad,24,odyssey,15,646,16.3627
1165,iliad,24,odyssey,16,579,15.4524
1166,iliad,24,odyssey,17,634,15.6698
1167,iliad,24,odyssey,18,534,14.3664
1168,iliad,24,odyssey,19,624,15.1456
1169,iliad,24,odyssey,20,505,13.8813
1170,iliad,24,odyssey,21,495,13.3929
1171,iliad,24,odyssey,22,537,13.9589
1172,iliad,24,odyssey,23,488,13.704
1173,iliad,24,iliad,24,2635,100.0
1174,odyssey,24,odyssey,24,1968,100.0
1175,iliad,24,odyssey,24,644,16.2667
