,word,iliad_24,iliad_1,corpus
0,ἔτικτον,1,0,1
1,ἄειδε,0,1,10
2,βούλεται,0,1,5
3,ἐποίσει,0,1,2
4,ἐξάρχους,1,0,1
5,εὐτείχεον,0,1,6
6,αἴ,5,5,158
7,ἄλοχον,1,0,19
8,ἀπεμνήσαντο,1,0,1
9,δῶμα,0,3,100
10,ἀνδράσιν,2,2,31
11,χρυσείοις,0,1,2
12,κατά,14,18,579
13,αἴθοπα,1,1,22
14,νόσφι,0,1,19
15,ἐλθόντι,1,0,2
16,ὅσση,1,0,3
17,φίλων,1,0,27
18,ἐξείποι,1,0,1
19,νήπια,1,0,15
20,πωλέσκετο,0,1,3
21,βούβρωστις,1,0,1
22,ποτ,2,7,103
23,εἰρύαται,0,1,4
24,ἴδωμαι,0,2,9
25,δόντες,0,1,3
26,ἐστι,2,3,53
27,ἔην,4,0,73
28,Ἀτρεΐδης,1,8,77
29,ἐλαύνετον,0,1,1
30,λοῦσαν,1,0,5
31,κάλυμμ,1,0,1
32,Ὀλύμπιος,3,5,21
33,Μυρμιδόνεσσιν,0,1,6
34,πρῆσεν,0,1,1
35,οὔρεσιν,1,0,5
36,δῶ,0,1,25
37,Μενοιτιάδαο,1,0,10
38,θηρητῆρ,1,0,1
39,οὗτος,1,0,34
40,ἅμα,11,9,140
41,ἀπηύρα,1,0,19
42,θείης,1,0,1
43,κλαίωμεν,1,0,2
44,ὠκέας,1,0,22
45,αὐτοῖο,1,2,11
46,πτολιπόρθῳ,1,0,4
47,φερόμην,0,1,8
48,εἶπες,1,0,4
49,ποιμένα,0,1,29
50,ἐπιθήματα,1,0,1
51,μήτηρ,5,2,108
52,κατέδησαν,1,0,5
53,Ἕκτορι,2,0,66
54,γαῖαν,4,1,164
55,κατακείαται,1,0,1
56,βροτοί,1,1,15
57,ἀϊχθήτην,1,0,1
58,ἔτλης,1,0,8
59,ὀνείαθ,1,0,14
60,σά,1,0,13
61,μίνυνθά,0,1,8
62,Ἑκάβην,1,0,1
63,αὐτή,4,1,60
64,ἐλάσσας,1,0,2
65,τρόμος,1,0,15
66,σόα,1,0,2
67,τινά,2,0,33
68,ἔλων,1,0,2
69,ἶσον,0,2,20
70,εὐχόμενος,1,3,31
71,κεῖνος,2,0,57
72,ἅρμα,1,0,13
73,παῖδά,0,1,7
74,φράζεαι,0,1,1
75,μυρί,0,1,6
76,μοῖραν,1,1,48
77,μάντιές,1,0,1
78,κεδνάς,1,0,1
79,ὑπερέσχεθε,1,0,2
80,ἦμος,1,2,38
81,πλευράς,1,0,3
82,οὐχ,2,0,53
83,ἀγορητής,0,1,4
84,γλυκίων,0,1,4
85,ἐτήτυμον,0,1,11
86,φάγον,1,0,3
87,κεῖνον,1,0,26
88,λυγρῶν,1,0,2
89,λήθετ,1,1,6
90,δειδιότες,1,0,6
91,Μυρμιδόνων,1,1,12
92,ἐννέα,1,0,16
93,δάκρυ,5,3,52
94,ἄτην,0,1,8
95,τῆσδε,0,1,2
96,καλλιπάρῃος,1,0,6
97,Κίλλαν,0,1,1
98,νεωτέρου,1,0,1
99,σήν,2,0,24
100,φρονέουσα,1,0,4
101,ταχύν,2,0,14
102,Θέτι,2,0,5
103,οἱ,25,13,1130
104,ὄφρα,5,6,197
105,ἐπείθετο,1,1,6
106,λελείψεται,1,0,1
107,δάσσαντο,0,1,1
108,ζευγνύσθην,1,0,1
109,ἀλεῖψαι,1,0,2
110,πίσυνος,2,0,5
111,ἔνδοθι,0,1,13
112,ἐσσί,1,0,13
113,θυμός,3,4,222
114,Δαρδανίδη,2,0,2
115,διογενής,0,1,13
116,τήν,9,17,318
117,ἁπτόμεναι,1,0,1
118,ἀρητόν,1,0,2
119,ἀρνύμενοι,0,1,1
120,νέοι,0,1,21
121,μετέειπεν,0,2,21
122,ὑψορόφοιο,1,0,2
123,ἀγαθόν,3,0,28
124,ὦχ,0,1,2
125,ὀνείδεα,0,1,7
126,ἱστοδόκῃ,0,1,1
127,ἔμοιγ,1,0,1
128,λάβῃσιν,1,0,3
129,Ἶρις,5,0,27
130,θῆκε,2,1,38
131,κύπελλον,1,1,2
132,ἠδ,9,6,205
133,ἔτελλε,0,3,4
134,ὑψοῦ,0,1,9
135,Διός,6,11,255
136,συλεύειν,1,0,1
137,χεῖρας,4,4,117
138,ἐριζέμεναι,0,1,4
139,λίσσετο,0,2,3
140,ἔξοχα,2,0,11
141,λῆγε,0,1,2
142,ὀμφαλόεν,1,0,1
143,φίλην,0,3,54
144,ἥψατο,0,1,4
145,ἑξείης,1,1,23
146,ἔρχεσθον,0,1,1
147,οἶον,2,0,33
148,τοῦ,10,5,228
149,κυνῶπα,0,1,1
150,στείρῃ,0,1,2
151,ἀμιχθαλόεσσαν,1,0,1
152,ἐόντι,2,0,10
153,πύργου,1,0,7
154,ἀτρεκέως,2,0,32
155,ἀρχός,0,2,9
156,χλαίνας,2,0,15
157,φόρμιγγα,1,0,11
158,Διόθεν,2,0,3
159,θεοῖο,1,3,16
160,πατέρ,4,0,28
161,παῖδ,1,0,20
162,ἕνεκά,0,1,1
163,ἀχνύμενός,0,2,13
164,ζυγῷ,1,0,1
165,οἴκου,1,0,11
166,αὐτῆς,2,0,40
167,πημανέειν,1,0,1
168,θάμβος,1,0,5
169,ἆνερ,1,0,1
170,κηδομένη,1,3,6
171,Κρονίδη,0,1,10
172,Ἄϊδι,0,1,7
173,μάντιν,0,1,3
174,ἤϊ,0,1,2
175,ἥμιν,0,1,2
176,ἔξειμι,1,0,2
177,ἠπείροιο,0,1,9
178,ἀραρυῖα,1,0,4
179,ἴσχειν,1,0,4
180,δμῳάς,1,0,13
181,ἄξει,2,0,6
182,δι,1,0,44
183,ἐρίσαντε,0,1,1
184,φάρε,1,0,3
185,ἀπήνῃ,1,0,3
186,Ἀνδρομάχη,1,0,6
187,ὅσσ,2,0,22
188,ὄπισθεν,2,0,22
189,Τροίηθεν,1,0,7
190,θάνατος,3,0,25
191,ἡμίονοι,2,0,5
192,πρῴην,1,0,2
193,ἦν,1,0,78
194,προβάλοντο,0,1,4
195,μείλανι,1,0,1
196,μεγάροισι,6,1,75
197,μάλα,5,7,330
198,πυκάσας,1,0,1
199,φέρουσα,1,0,23
200,νεικεῖ,0,1,1
201,ὀδύρονται,1,0,2
202,τριτάτη,1,0,2
203,ἀτίτηλα,1,0,1
204,ἑκατηβελέταο,0,1,1
205,δεξιόν,2,0,21
206,προσέφη,7,9,213
207,φῶτα,1,0,15
208,ἔτος,1,0,11
209,τεθνηότα,1,0,3
210,γυναῖκά,1,0,5
211,θεοπροπέων,0,1,3
212,ἐξ,8,6,276
213,μεθέμεν,0,1,2
214,παρέζετο,0,1,1
215,ἄκριτα,1,0,5
216,ἐπ,15,7,395
217,τιμήσουσι,0,1,3
218,χροΐ,1,0,42
219,ὄρνις,1,0,14
220,λέλειπται,1,0,3
221,παῦε,0,1,2
222,εἴη,4,0,98
223,ἔχε,1,0,56
224,ἐφιεμένῃ,1,0,1
225,πάϊς,6,0,78
226,ἐκκαλέσας,1,0,1
227,τάδ,0,1,14
228,Τροίηνδ,1,0,3
229,ἀπείρονα,1,1,11
230,στορέσαι,1,0,5
231,προβέβουλα,0,1,1
232,μυρία,1,0,10
233,οἴῳ,0,1,11
234,ἐρύξει,2,0,6
235,μήδε,2,0,4
236,σφώ,0,1,4
237,ἧκεν,1,0,15
238,ἀμβρόσια,1,0,3
239,ἑκάεργον,0,2,2
240,ἀνέδυ,0,1,2
241,ἔχοντες,2,1,53
242,λεχέεσσι,2,0,12
243,κατ,5,4,148
244,ἵκοντο,2,2,40
245,ὁρᾶτο,0,2,3
246,στήτην,0,1,5
247,γένειον,1,0,3
248,χάρμα,1,0,8
249,ἔλλαβε,2,0,16
250,ἀγάγωμι,1,0,1
251,ἰθύνοι,2,0,3
252,πέρνασχ,1,0,1
253,ἀπηνέος,0,1,1
254,ἀσχαλόωσι,1,0,2
255,ὄζος,1,0,7
256,ἀκέων,0,2,13
257,μνῆσαι,1,0,8
258,καλήτορα,1,0,1
259,πέτασσαν,0,1,3
260,δεξιτερῆφι,1,0,3
261,δηλήμονες,1,0,1
262,ἔπεισιν,0,1,3
263,ἀπάνευθε,2,3,35
264,χραίσμῃ,0,1,3
265,κατέθηκαν,1,0,1
266,ἄνακτος,1,2,71
267,ἱλασόμεσθα,0,1,1
268,ἔριδι,0,1,7
269,τό,6,15,296
270,καθέηκα,1,0,1
271,καρπῷ,1,0,12
272,ὅν,5,6,214
273,ἀμύμονος,1,0,41
274,εἶβεν,1,0,2
275,ἄπεχε,1,0,1
276,ἐλάτης,1,0,1
277,κελόμην,0,1,5
278,κτερεϊζέμεν,1,0,1
279,λύσαιτε,0,1,1
280,καθῆστο,0,1,2
281,οἴω,2,0,15
282,αἰδῶ,1,0,7
283,αἴθ,1,1,13
284,ὀλέσῃς,0,1,1
285,ἐλεεινότερός,1,0,1
286,φίλτατε,2,0,2
287,ἔργα,3,2,127
288,κεφαλῆς,4,0,44
289,Ἀχιλλεύς,22,12,173
290,ἐπιτηδές,0,1,2
291,ἔασκεν,1,0,1
292,ἡβῶν,1,0,3
293,ἀλίτωμαι,1,0,1
294,δοίη,1,0,14
295,βλεφάροισιν,1,0,8
296,κρήγυον,0,1,1
297,ἄμμε,1,1,13
298,δέμας,1,1,42
299,θύραζε,1,0,34
300,πέλεται,1,1,10
301,ἐκπέρσωσ,0,1,1
302,κοιμᾶθ,0,1,2
303,βαῖνον,0,1,5
304,ἐμοί,2,6,169
305,ἐθελούσης,1,0,1
306,εἵνεκα,1,3,47
307,καλόν,3,1,67
308,οὔρεά,0,1,1
309,ἐξαναβᾶσαι,1,0,1
310,ἐκέλευες,1,0,3
311,ἔτεκές,0,1,1
312,ἀλόχους,1,0,10
313,προέρυσσεν,0,1,1
314,ἐρέτας,0,2,4
315,κέλευσε,1,0,13
316,κιοίτην,1,0,2
317,χρύσεον,1,0,15
318,τίσειαν,0,1,1
319,κόσμον,1,0,15
320,ἀμάξῃσιν,1,0,1
321,κατηφόνες,1,0,1
322,μηροῦ,0,1,16
323,ὀλέσαι,1,0,3
324,στέμματ,0,2,2
325,ῥίψει,1,0,1
326,τῇδ,1,0,3
327,εὐλαί,1,0,2
328,ὁμαρτέων,1,0,1
329,Δαναοῖσιν,0,2,16
330,πυρός,1,0,50
331,ἅλιον,2,0,17
332,ῥέξας,0,1,7
333,ἠϋκόμοιο,1,0,15
334,οἶος,5,1,66
335,ἐρέοντο,0,1,5
336,αἰσχροῖσιν,1,0,1
337,ἠρήσατο,0,1,4
338,φίλοιο,2,0,10
339,καταμήσατο,1,0,1
340,πόσις,1,0,28
341,νέηαι,0,1,1
342,παίδων,2,0,14
343,ἔφησθα,0,1,4
344,ἥνδανε,0,2,11
345,ἄγων,3,3,32
346,ἀταρτηροῖς,0,1,1
347,στῆσαν,1,0,5
348,πίσυρας,1,0,4
349,πυρῇ,1,0,6
350,θεράποντες,1,0,19
351,ἄλεισον,1,0,8
352,φθινύθεσκε,0,1,1
353,ἔς,1,0,13
354,παρέξ,2,0,17
355,ἁζόμενοι,0,1,2
356,χωομένοιο,0,1,4
357,αὐτοῦ,0,3,172
358,κτενέει,2,0,3
359,πυλάων,2,0,15
360,ἄναξ,0,4,93
361,ἱσταμένη,1,0,14
362,θ,7,6,219
363,ἀλόχῳ,1,1,15
364,ἀγάννιφον,0,1,2
365,ἀλλήλους,3,0,58
366,οὕς,2,0,59
367,ἐπελθών,1,0,15
368,ἄμβροτος,1,0,3
369,θέσαν,4,1,20
370,ποίησαν,3,0,7
371,κεραϊζομένην,1,0,1
372,ἐθρήνεον,1,0,1
373,κῆρυξ,3,0,35
374,Διί,3,2,78
375,λέχε,1,0,1
376,πολεμίξομεν,1,0,1
377,δέχθαι,0,2,2
378,δεσμῶν,0,1,2
379,στέμμα,0,1,1
380,ᾤχετο,0,2,16
381,θύγατρα,0,3,7
382,ἐγκονέουσαι,1,0,3
383,κείμενα,0,1,2
384,ἀπατηλόν,0,1,1
385,φρένας,0,2,61
386,ἐϋξέστην,1,0,1
387,θυοσκόοι,1,0,1
388,κάρη,2,0,71
389,ἔδερόν,1,0,2
390,λάβε,1,2,24
391,γλυκερῷ,1,0,5
392,πᾶν,1,2,26
393,ἀμφίσταθ,1,0,1
394,ἦσθα,1,0,10
395,μέμονας,1,0,5
396,ὀρθαί,1,0,1
397,κίον,1,0,19
398,καρπαλίμως,2,2,42
399,ἠτίμησεν,0,2,3
400,φῶτ,1,0,5
401,τελέσσω,0,1,2
402,ἵλαος,0,1,2
403,ἄλλαι,1,0,19
404,αὐτίκ,3,2,80
405,ὑγρήν,1,0,7
406,ἐφθίαθ,0,1,1
407,ἀποπαύεο,0,1,1
408,εὐνάς,1,1,8
409,χερί,1,0,3
410,μαζόν,1,0,11
411,ἰών,0,3,88
412,νόημα,1,0,13
413,οἰκτίρων,1,0,1
414,ὄτρυν,1,0,2
415,τεῦχε,0,1,5
416,χαίρει,1,0,3
417,λῦσον,2,0,4
418,ἷξον,1,0,11
419,ἀντιόωσαν,0,1,1
420,Ἕκτορα,13,0,77
421,ἠϊόνας,1,0,1
422,παρήμενος,0,2,8
423,πρότερος,2,1,33
424,ὁμόκλα,1,0,2
425,ὅτε,10,5,390
426,ἥλοισι,0,1,2
427,Ξάνθου,1,0,5
428,ἐντός,1,1,21
429,ἀλόχοιο,1,0,9
430,μῆλα,1,0,50
431,ὄτρυνε,1,0,32
432,ἔξαγε,0,1,1
433,ἀνελών,0,1,2
434,κείνου,1,0,21
435,Πηλεΐωνος,1,0,14
436,μνήσασα,0,1,1
437,προΐει,0,2,21
438,μάλιστά,1,0,6
439,Ἥφαιστος,0,2,23
440,ἄλλους,4,1,55
441,τίπτέ,1,0,4
442,ἀχεύων,1,0,11
443,Ἴλοιο,1,0,1
444,ὅρκος,0,1,3
445,νηυσί,3,7,96
446,ἀΐξασα,1,0,8
447,ἠνώγει,1,0,8
448,Ἴλιος,1,0,7
449,χεῖρ,1,0,16
450,οἰωνοπόλων,0,1,2
451,ἀάσχετον,1,0,2
452,ἐμῇ,0,1,11
453,ἔχθιστος,0,1,4
454,τέκνα,3,0,38
455,ἐέργει,1,0,6
456,ἱερά,0,1,14
457,οὔτ,10,4,134
458,ὀνειροπόλον,0,1,1
459,ἰδόντες,1,0,9
460,ἀχνύμενος,0,1,7
461,θυμῷ,11,7,230
462,ἠέ,4,3,190
463,ἵμερον,1,0,11
464,δῶκεν,1,0,24
465,εὐπέπλων,1,0,2
466,ἀπέβαινεν,1,0,1
467,Τρῳάδες,1,0,1
468,λοῦσαι,1,0,1
469,χιτῶνας,1,0,12
470,παννύχιοι,1,0,9
471,δυωδεκάτῃ,1,0,2
472,θεάς,1,0,1
473,ἐριδούπου,1,0,4
474,κτέρας,1,0,2
475,ὑπνώοντας,1,0,3
476,Βρισηΐς,1,0,2
477,ὅδ,0,1,29
478,ἠέλιος,0,1,34
479,κλήρῳ,1,0,4
480,κομίσαντο,0,1,1
481,καρτίστοις,0,1,1
482,ἠώς,6,1,25
483,δειλοῖσι,1,0,7
484,κατέρεξεν,1,1,6
485,παλιμπλαγχθέντας,0,1,1
486,ἐπιχεῦαι,1,0,1
487,μέγαν,0,3,74
488,ἴδοιτο,2,0,8
489,δέος,0,1,22
490,ἀληθείην,1,0,9
491,γόος,1,0,2
492,ὀλέκοντο,0,1,1
493,ἐπέσσυται,0,1,3
494,φλοιόν,0,1,1
495,νύκτα,3,0,31
496,ἀπήνης,3,0,8
497,ποιήσαιμεν,1,0,1
498,ὑπ,3,1,140
499,τετάρπετο,1,0,2
500,τεκοῦσα,0,1,1
501,Ἀθηναίης,0,1,15
502,μελίφρονα,1,0,9
503,μελαίνῃ,0,3,39
504,εἵαθ,2,0,3
505,φάσθαι,0,1,11
506,φίλῃ,0,3,8
507,ὄφελλεν,0,1,2
508,ἱερεύς,0,1,1
509,ἐπιδήμιοι,1,0,1
510,ἄγχι,2,0,54
511,θεοείκελ,0,1,2
512,ἑκάτοιο,0,1,4
513,δολομῆτα,0,1,1
514,ἧος,0,1,22
515,σύν,6,8,214
516,εἰ,10,16,399
517,ἑσπόμεθ,0,1,1
518,μεγάρῳ,1,0,27
519,κούρην,0,4,21
520,κειμήλια,1,0,15
521,ἔριδος,0,2,17
522,σύμπαντας,0,1,1
523,ἤγαγον,1,0,10
524,ὄρσο,1,0,4
525,διά,3,2,168
526,Λήμνῳ,0,1,3
527,ἐπέσχε,1,0,6
528,βωμόν,0,2,6
529,κακῷ,1,0,10
530,χαλκοβατές,0,1,6
531,μίστυλλόν,1,1,8
532,Εὐρυβάτην,0,1,1
533,μαχλοσύνην,1,0,1
534,μεθομίλεον,0,1,1
535,χραίσμωσιν,0,1,1
536,παρέσσεται,0,1,4
537,θοῦρος,1,0,2
538,Ἀχιλεύς,7,1,35
539,οὐδ,10,15,482
540,δῖε,1,0,6
541,λάθον,1,0,2
542,ἀνέρας,1,1,17
543,τάνυσσαν,0,1,3
544,κυνός,0,1,3
545,γναμπτόν,1,0,1
546,γήραος,1,0,5
547,ἔστενε,1,0,4
548,ἔκλυε,1,3,14
549,ποταμοῖο,1,0,38
550,κακιζόμενόν,1,0,1
551,δαΐζων,1,0,5
552,βασιλεύς,0,3,14
553,ἀείδοντες,0,1,2
554,ἀναβάς,0,1,7
555,λιμένος,0,1,13
556,σφῶϊ,0,1,10
557,Μοῖραι,1,0,1
558,ἀρήγειν,0,1,2
559,οἰωνῶν,2,0,4
560,ταχεῖα,1,0,4
561,ἐνῆεν,0,1,1
562,ὀρέγεσθαι,1,0,1
563,ἵκανεν,0,1,13
564,σφιν,1,3,103
565,Τρώεσσιν,0,2,49
566,νεωτέρω,0,1,1
567,ἔχεαν,1,0,3
568,Πηλέϊ,1,0,1
569,δεινάς,1,0,1
570,οἰνοχόει,0,1,2
571,παυέσκετο,1,0,1
572,Ἴμβρου,1,0,3
573,ἰδέειν,1,0,16
574,Ἠετίωνος,0,1,10
575,κτείνεσκε,1,0,1
576,ἔσεαι,0,1,2
577,θυγάτηρ,1,2,52
578,ἠδέ,5,2,318
579,ἀγαθήν,1,0,5
580,κήδετο,0,1,4
581,κρατέειν,0,1,1
582,ἱκέτεω,2,0,2
583,Πάτροκλόν,1,0,4
584,Πέργαμον,1,0,1
585,ἔχειν,0,1,9
586,ἀπέλυσεν,1,0,1
587,νηδύος,1,0,2
588,εἰσενόησεν,1,0,1
589,Θησέα,0,1,2
590,ἠπείλησεν,0,1,4
591,κρατερώνυχας,1,0,6
592,Ὀδυσῆος,0,1,64
593,ἑλόντ,1,1,2
594,πρῶτος,0,1,54
595,κρατέει,0,1,4
596,Μυρμιδόνες,1,0,11
597,ἕκαστα,0,1,36
598,μέχρις,1,0,1
599,αὐτόθι,1,0,24
600,κήδονται,1,0,1
601,ἀκτήν,1,0,8
602,ὄναρ,0,1,4
603,τύνη,1,0,6
604,σχίζῃς,0,1,2
605,ἀμβροσίην,1,0,13
606,σκύζεσθαί,1,0,1
607,εἶπας,0,2,3
608,καθύπερθεν,2,0,14
609,ἴσαν,2,1,35
610,ἔστι,1,0,52
611,εἶναι,2,3,137
612,ὄρεος,1,0,14
613,Διΐ,1,2,17
614,ἀελλόπος,2,0,3
615,οὐρεῦσι,1,0,1
616,σβέσαν,1,0,2
617,νοῆσαι,0,2,9
618,Ἥρη,3,11,99
619,λαῶν,1,3,106
620,μεγάθυμοι,0,2,9
621,κατακτείνειε,1,0,2
622,πόποι,0,1,51
623,ἀγέμεν,0,2,7
624,ἀμείνων,0,1,20
625,κτάνον,1,0,3
626,αἰγῶν,1,3,21
627,λῆγ,0,2,3
628,εἴποι,0,1,11
629,ταρπήμεναι,1,0,2
630,ἐτύπη,1,0,1
631,φόνῳ,1,0,3
632,κυλινδόμενος,2,0,5
633,πίθηαι,0,1,4
634,οἴνῳ,1,0,14
635,ἐπεπείθεθ,0,1,3
636,καλέουσι,0,1,7
637,ἔδωκε,1,0,34
638,πρῶτον,4,2,87
639,πέρσεται,1,0,1
640,θεός,4,2,131
641,ἐπιχθόνιοι,0,1,1
642,ἄντιτα,1,0,3
643,ἔπειτ,1,6,103
644,πολύ,2,5,107
645,ἵν,1,0,46
646,μειδήσασα,0,1,2
647,Πολύκτωρ,1,0,2
648,ἕζετ,0,1,17
649,ἔπειτα,18,9,349
650,θάνατον,1,0,40
651,εἴσεται,0,1,4
652,πολύμητις,0,2,85
653,πυρί,1,1,56
654,τόσους,1,0,3
655,κομίζω,1,0,1
656,Ἕλενόν,1,0,1
657,οἴη,0,1,19
658,αἴσιον,1,0,1
659,ἁψάμενος,1,0,3
660,λήθεσκεν,1,0,1
661,λίπ,0,1,14
662,ἄρα,20,6,575
663,ὦ,5,4,179
664,μόρον,1,0,14
665,ἐγγύθεν,1,0,42
666,ἐμά,0,1,15
667,ποσσῆμαρ,1,0,1
668,ὀφρύσι,0,1,15
669,περί,16,8,354
670,ἀπ,3,2,106
671,ἄσπετον,2,0,14
672,ἄπιστος,1,0,4
673,ὠκύς,5,6,39
674,μάχεσθαι,0,3,105
675,ποτί,3,2,65
676,ποίησεν,0,1,2
677,ἐόντος,1,0,16
678,ἐφήσεις,0,1,2
679,ἀθανάτοισιν,2,3,33
680,ὁ,0,2,298
681,πανημέριοι,0,1,6
682,αἰεί,6,6,163
683,ἐϋπήκτου,1,0,1
684,ἐθέλοντ,1,0,1
685,τέ,5,4,117
686,Ἀχαιΐδα,0,1,6
687,πολλούς,1,0,20
688,δεδίασιν,1,0,1
689,ἐρέω,1,4,64
690,πρηνής,1,0,12
691,πέλευ,1,0,1
692,τέκεν,1,0,10
693,κιών,0,1,27
694,δίπτυχα,0,1,4
695,πόλλ,1,0,59
696,φίλα,0,1,34
697,ἔλαυνε,2,0,6
698,ἐόντ,1,0,8
699,προθέουσιν,0,1,1
700,ἤθελον,0,1,7
701,σῆμ,3,0,4
702,τοῦτο,1,2,41
703,σύ,13,20,373
704,κοιμήσαντο,1,1,8
705,κλαῖεν,1,0,6
706,οὐλομένην,0,1,3
707,ἐτέλεσσας,0,1,2
708,ἑκάεργος,0,1,12
709,ἀνάποινον,0,1,1
710,ἔφ,0,1,3
711,κλαῖ,1,0,2
712,ἐέλμεθα,1,0,1
713,τεόν,1,2,19
714,ἐπιειμένε,0,1,1
715,ζεύξειεν,1,0,1
716,ὀδύρεο,1,0,2
717,ἑσταότες,1,0,9
718,μετέφη,0,1,14
719,ἤν,0,2,31
720,κατείβετο,1,0,2
721,ἐρικυδέα,1,0,8
722,αἶψά,0,1,16
723,ἐρέουσα,0,1,4
724,ταῦθ,0,1,10
725,ὑπελύσαο,0,1,1
726,ἐδήσατο,1,0,12
727,λωβητόν,1,0,1
728,ἀδάκρυτος,0,1,1
729,γόνος,1,0,5
730,ῥέξω,1,0,5
731,ποθέεσκε,0,1,1
732,μετάλλα,0,1,3
733,ἥβη,1,0,2
734,σπλάγχνα,0,1,7
735,Ἐξάδιόν,0,1,1
736,εἴπῃς,0,2,4
737,σός,1,0,12
738,λυγρόν,1,0,16
739,ἦλθ,2,0,18
740,ὑπάτῃ,1,0,2
741,κτεινομένους,0,1,3
742,χρή,0,1,55
743,ἄμφεπον,1,0,3
744,βασιλῆες,1,0,16
745,ἄγγελον,3,0,7
746,μεμνημένος,2,0,8
747,τετιηότι,1,0,3
748,ῥέζων,1,0,4
749,εἰσορόωντες,1,0,9
750,κραδίην,1,2,15
751,λήθεις,1,0,2
752,ἰόντες,1,0,26
753,πῇ,2,0,17
754,ἄνσχεο,2,0,3
755,Πηλεΐδη,0,1,6
756,ὡς,11,6,539
757,κώκυσέν,1,0,2
758,λέλυται,1,0,2
759,θεράποντε,0,1,6
760,ἡμῖν,0,4,69
761,ἐναίσιμα,1,0,4
762,δικαζέμεν,0,1,1
763,νόος,2,0,40
764,ἀγορήν,0,3,33
765,πάροιθ,0,2,6
766,ἐκ,15,10,557
767,εἵην,1,0,1
768,Ἀγάθωνά,1,0,1
769,τηλόθι,3,1,9
770,ἔνδοθεν,1,0,7
771,ἔσω,3,0,7
772,κάμε,1,0,11
773,σύνθεο,0,1,9
774,ἑτέρου,1,0,2
775,ἀντιάσας,0,1,1
776,ἔκτανεν,1,0,5
777,εὔχεο,2,0,9
778,τοκεῦσι,1,0,4
779,βασιλῆϊ,0,2,12
780,κέδρινον,1,0,1
781,ἀγύρει,1,0,2
782,ἐλύσαο,1,0,1
783,ἐμόν,2,4,104
784,λαοῖσί,1,0,1
785,ῥίμφα,2,0,16
786,ἀποδρύφοι,1,0,2
787,δυωδεκάτη,2,1,6
788,μελήσεται,0,1,1
789,καταπέψῃ,0,1,1
790,ἑῇσι,1,0,1
791,ἀρηϊφάτους,1,0,2
792,τοί,4,2,171
793,ἀμῦναι,1,3,9
794,ἄχος,0,1,45
795,κύσε,1,0,6
796,φυλάκους,1,0,1
797,ἐστόν,0,1,3
798,νόου,1,0,3
799,προσέειπε,8,6,128
800,Ἀφροδίτῃ,1,0,7
801,πλεόνεσσι,0,1,9
802,τί,7,11,219
803,ἅλιαι,1,0,1
804,ἐκπάγλως,0,1,8
805,μένω,1,0,3
806,θῖνα,0,1,18
807,νυοί,1,0,2
808,πόνου,0,1,9
809,ἀντιβίην,0,1,3
810,οὐρῆας,0,1,1
811,χαίρετ,1,0,2
812,ἀλεγίζεις,0,1,1
813,φιλοκτεανώτατε,0,1,1
814,βασιλῆα,1,1,20
815,ἐφ,4,0,47
816,ἐχεπευκές,0,1,2
817,ἀντάξιον,0,1,2
818,ἡδυεπής,0,1,1
819,Πάτροκλον,1,0,25
820,παρμέμβλωκεν,1,0,1
821,τόδ,3,1,47
822,Ἀχιλλεῦ,1,1,22
823,ἀρήν,1,0,7
824,ἵππους,9,1,194
825,κτερίσαιεν,1,0,1
826,θήσετε,1,0,1
827,αὐτόθ,1,0,10
828,νιψάμενος,1,0,3
829,πομπός,2,0,3
830,κατερύκανε,1,0,1
831,ἐπένειμε,1,0,3
832,ἄσεσθε,1,0,1
833,Ἶρι,1,0,6
834,ἀρήξειν,0,1,2
835,ἄξω,0,1,4
836,ἑνδεκάτῃ,1,0,1
837,βωτιανείρῃ,0,1,1
838,ἐμῷ,2,1,39
839,πεπίθοιμεν,0,1,1
840,ᾧ,6,3,92
841,ἀνδροφόνους,1,0,3
842,εἵλετο,1,0,38
843,θηοῖό,1,0,1
844,ἔπεα,2,1,128
845,κόμης,0,1,1
846,ἑκατόμβας,0,1,20
847,εἴπω,1,0,48
848,ῥήγεα,1,0,11
849,ἑήνδανεν,1,0,1
850,Πριάμοιο,3,1,69
851,πανάποτμος,2,0,2
852,ἕλωμαι,0,2,5
853,ἑλίκωπες,1,1,3
854,θρόνον,1,0,10
855,ποιμένι,1,0,28
856,ὀμίχλη,0,1,1
857,τίμησόν,0,1,1
858,ἡμένη,0,1,3
859,ἐξέλετο,1,0,4
860,ἐγείρει,1,0,4
861,νώμησαν,0,1,4
862,θύρην,1,0,8
863,Φθίην,0,1,8
864,βασιλῆος,1,2,20
865,δαμᾷ,0,1,1
866,ὅππως,0,1,19
867,ἐπιδεύετ,1,0,1
868,ἐποιχόμενος,1,0,9
869,εὐρύ,0,3,39
870,κάμω,0,1,1
871,εἰλήλουθα,1,0,7
872,σφοῦ,0,1,1
873,ὀλίγος,0,1,4
874,ἀναφαίνεις,0,1,1
875,ἔδειραν,0,1,3
876,ἴδω,1,0,3
877,ἐξεσίην,1,0,2
878,γηράσκοντα,1,0,2
879,Ἀτρεΐδα,0,2,3
880,πόρε,1,1,24
881,παλάμῃσιν,1,0,4
882,σπερχομένοιο,1,0,1
883,ἐλεαίρεσκον,1,0,1
884,δοιώ,3,0,8
885,κῆρ,1,3,75
886,μέν,61,48,1880
887,ἀργυρότοξος,1,0,10
888,ἠχήεσσα,0,1,1
889,Αἴας,0,1,98
890,μέγ,0,2,64
891,Νέστωρ,0,1,59
892,ἐερσήεις,1,0,1
893,χέων,0,1,8
894,ἕζετο,1,4,32
895,κέρσαντες,1,0,1
896,εἵνεκ,0,1,13
897,ὁμοκλήσας,1,0,9
898,μεγάλ,0,2,18
899,ἔτισας,0,1,1
900,γέρας,1,13,39
901,κῆρι,3,0,15
902,ἐστέ,0,1,5
903,κήαιεν,1,0,1
904,κέ,2,2,113
905,ἔλασε,1,0,2
906,δμῳῇσι,1,0,7
907,ἔδεισεν,2,2,8
908,λεύσσετε,0,1,1
909,φίλτατος,3,0,12
910,ὤμοισιν,0,1,24
911,φέριστε,1,0,5
912,ἀποτείσομεν,0,1,1
913,ἐπίσκοπος,1,0,3
914,ἱλάσκεσθαι,0,1,1
915,ἐξενάριξε,1,0,15
916,ὀλίγον,0,1,20
917,γοάοιμεν,1,0,1
918,αἰνά,0,1,4
919,μαντοσύνην,0,1,1
920,μῆρε,0,1,2
921,Κάλχας,0,1,4
922,τότε,0,7,170
923,Ἄρης,2,0,50
924,ἔασας,1,0,2
925,κλέψαι,3,0,3
926,νύ,5,4,117
927,ἄλγε,1,2,22
928,ἀπαλεξήσαιμι,1,0,1
929,εἰσαγαγών,1,0,2
930,πόλις,1,0,28
931,ἐξέφερον,1,0,5
932,ἔθηκας,1,0,4
933,θαρσήσας,0,1,4
934,ἐπίτειλον,1,0,1
935,ἄγουσι,0,1,4
936,ἀχνυμένῃ,1,0,1
937,τοῦδ,0,1,8
938,ἑλοῦσα,0,1,14
939,πόντῳ,1,0,43
940,ἐγώ,19,18,528
941,Ἴλιον,5,1,85
942,νηός,0,3,96
943,ποτε,3,7,77
944,προκείμενα,1,0,14
945,ἐσόψεται,1,0,1
946,ἔχουσι,1,0,16
947,σκήπτρῳ,0,2,8
948,πτόλεμόν,0,1,2
949,τῖ,1,0,2
950,περ,24,15,494
951,θεόν,1,2,33
952,καλλιζώνων,1,0,2
953,ξύνιεν,0,1,1
954,ὀφθαλμοῖσι,2,0,20
955,Βριάρεων,0,1,1
956,κατέδυ,0,2,12
957,μαχεσσαμένω,0,1,1
958,προτόνοισιν,0,1,3
959,πτερά,1,0,9
960,τεήν,1,0,3
961,ἀφίκωμαι,1,0,2
962,βουλήν,0,1,27
963,ἄλλοισιν,0,1,8
964,δαιτός,1,3,23
965,Πάτροκλε,1,0,8
966,θνητῶν,0,2,11
967,ἐσσι,1,3,50
968,κλαίω,1,0,2
969,παρέζεο,0,1,1
970,Δαναῶν,3,4,71
971,ταχυπώλων,2,0,9
972,στενάχοντα,1,0,11
973,ἐξεπράθομεν,0,1,1
974,κνίσῃ,0,1,5
975,θεάν,1,0,1
976,τολύπευσε,1,0,2
977,νεκροῖο,2,0,3
978,συμπάντων,0,1,2
979,Χρυσηΐδα,0,4,4
980,Ζεῦ,1,2,51
981,Πάριν,1,0,3
982,πᾶσιν,3,4,68
983,νεμεσσητόν,1,0,7
984,ἀλιτήμων,2,0,2
985,Χρύσην,0,6,6
986,οὐδῷ,1,0,4
987,ἀγορεύεις,1,1,36
988,ὠμηστῇσιν,1,0,1
989,χολωθείς,0,1,7
990,Πυλίων,0,1,9
991,καλλιπάρῃον,0,6,8
992,ἵπποισι,1,0,13
993,φερέμεν,4,0,5
994,ἤϊε,1,2,9
995,πόδας,6,6,85
996,ἔθεσαν,0,1,5
997,διογενές,0,1,31
998,ἕκαστος,0,1,66
999,ἀλεγεινά,1,0,5
1000,πύθηαι,1,0,5
1001,πολέες,2,0,22
1002,παρ,0,1,111
1003,αὐτῶν,0,1,47
1004,ἀργεϊφόντην,3,0,5
1005,λιποῦσ,1,0,3
1006,εἴσω,2,1,52
1007,αὐδή,0,1,2
1008,Ζεύς,7,11,253
1009,βωμός,1,0,6
1010,μυθήσασθαι,0,2,18
1011,ἐμεῖο,5,4,51
1012,χρυσοῦ,1,0,12
1013,ἰφθίμους,0,1,3
1014,ἦκα,1,0,6
1015,ἔχετ,0,1,5
1016,ἱστόν,0,3,39
1017,ἀγόρευον,1,0,31
1018,σευ,1,0,13
1019,ἔχες,1,0,3
1020,ὑψιβρεμέτης,0,1,6
1021,ἀργυρότοξε,1,0,2
1022,νήεον,1,0,3
1023,αἰθούσῃ,1,0,10
1024,ἔχω,1,1,9
1025,ἔκαμψαν,1,0,1
1026,ἄτης,1,0,4
1027,ἔκρινεν,0,1,1
1028,ἵει,0,1,13
1029,ἐνίσσων,1,0,2
1030,τῳ,0,1,6
1031,Κρονίωνα,0,2,10
1032,ἐγγύς,1,0,46
1033,δείσει,1,0,1
1034,τάρβος,2,0,2
1035,ἱππιοχάρμην,1,0,2
1036,ὀρθός,1,0,10
1037,ἔσται,2,4,57
1038,ἐθέλω,0,1,22
1039,λύσιος,1,0,1
1040,πύργους,1,0,5
1041,πίθηται,0,1,2
1042,αἶψα,6,1,96
1043,οἶδα,1,0,38
1044,ἐΐσκω,1,0,3
1045,ἕποιτο,2,0,5
1046,τῇσι,2,0,11
1047,ἅμ,1,1,117
1048,ἄλλο,1,1,60
1049,εὔξαντο,0,1,4
1050,τέων,1,0,4
1051,κεῖσαι,1,0,3
1052,ἐπασσύτεροι,0,1,2
1053,λίσσομ,0,1,4
1054,κέλεαι,0,1,9
1055,Ἀργείους,1,0,22
1056,τόνδ,0,1,11
1057,Ἰδαῖον,1,0,2
1058,εἴρυτο,1,0,4
1059,Ἀχιλῆα,2,1,23
1060,γυναῖκες,3,0,28
1061,πᾶσαν,5,0,33
1062,Ὀλύμπου,0,1,5
1063,τι,13,17,408
1064,γνώσεσθε,1,0,2
1065,ἀκηδέες,1,0,3
1066,ἕσασθαι,1,0,3
1067,ἀρηρός,1,0,2
1068,συμφράσσατο,0,2,4
1069,ἰχθύσι,1,0,3
1070,ἀπελήλυθα,1,0,1
1071,ἰόντ,3,0,6
1072,ἀποδοῦναι,0,1,3
1073,κλαίουσα,1,0,6
1074,ἔνεστι,1,0,1
1075,ἐν,53,26,1417
1076,ἄμυνον,0,1,3
1077,υἱέας,2,0,8
1078,πῃ,3,0,19
1079,ἐπικρήηνον,0,1,3
1080,ἕξ,3,0,16
1081,θαλερόν,2,0,17
1082,φθίσεσθ,1,0,1
1083,ἀνασχέμεν,1,0,1
1084,ἔστων,0,1,2
1085,εὖτ,1,1,15
1086,μεῖζον,0,1,14
1087,ἀντιβίοισι,0,1,1
1088,ἀμφί,9,1,264
1089,ζώειν,2,0,9
1090,ἄκουσα,2,1,10
1091,μεμαῶτα,1,1,20
1092,φάος,1,1,34
1093,πόλεμοί,0,1,2
1094,αἶαν,1,0,7
1095,ἀργαλέος,0,1,4
1096,γλήνεα,1,0,1
1097,ἄφαρ,1,2,34
1098,ἀνθρώποισιν,1,0,19
1099,ἄκοιτιν,1,0,18
1100,ἱκέσθην,0,1,6
1101,κεχολωμένος,1,0,10
1102,Μουσάων,0,1,1
1103,πρώτιστα,0,1,10
1104,διέτμαγεν,0,1,5
1105,αἱρήσει,1,0,2
1106,μέγιστε,1,0,6
1107,θρέψά,1,0,1
1108,ἀπώσει,0,1,1
1109,πρήξεις,1,0,1
1110,Ἀργείων,3,2,70
1111,ἐτράπετ,0,1,9
1112,Σίντιες,0,1,1
1113,ἐμοῖσιν,1,0,10
1114,κήρυκά,1,0,2
1115,ἡμάρτανε,1,0,3
1116,κλισίῃσιν,2,0,12
1117,ἀγλαά,3,3,33
1118,ἐφράσσατο,1,0,2
1119,τιμήσῃς,0,1,1
1120,λάεσσι,1,0,5
1121,ὕστατα,0,1,7
1122,Ποσειδάων,1,1,53
1123,ἀνέστη,1,2,21
1124,δυνήσεαι,0,2,3
1125,υἱάσιν,1,0,5
1126,κλαίουσ,2,0,6
1127,πλεῖον,0,1,5
1128,εἰσορόων,1,0,10
1129,φραδέος,1,0,1
1130,ἄλλοι,4,6,176
1131,μάχης,2,0,71
1132,ὀνόμηνεν,1,0,6
1133,Ἰλίῳ,1,0,3
1134,πυρκαϊήν,1,0,4
1135,ὄπωπα,1,0,5
1136,ἑλόντες,1,0,14
1137,ἐκτανύσας,1,0,2
1138,σέ,4,0,75
1139,ἐπισταμένως,1,0,14
1140,ταῦτα,1,4,95
1141,δύ,2,0,27
1142,μευ,0,3,65
1143,ῥύσκευ,1,0,1
1144,πίθοι,1,0,2
1145,εἵματ,1,0,21
1146,ὄψεσθε,1,0,1
1147,μέσσοισι,1,0,8
1148,ῥάβδον,1,0,4
1149,λείπεις,1,0,2
1150,ὄζους,0,1,3
1151,γνώῃ,1,0,2
1152,ἧμαι,1,0,4
1153,μένεα,1,0,4
1154,λύον,1,0,3
1155,βάλλεο,0,1,14
1156,πίονα,0,1,26
1157,βουλή,0,1,19
1158,ἰήνῃ,4,0,4
1159,γέρον,11,2,40
1160,γυῖα,1,0,49
1161,κλισμῷ,1,0,3
1162,ἀγόρευε,0,1,18
1163,σέθεν,1,3,26
1164,λάβεν,0,1,8
1165,ἕνεκα,0,1,7
1166,κληῗσ,1,0,1
1167,ὀδύροντο,1,0,1
1168,ἄνευθεν,2,0,14
1169,ψεῦσταί,1,0,1
1170,ἕλκει,2,0,2
1171,ἐλέγχεα,1,0,5
1172,νοέω,1,0,8
1173,μία,1,0,9
1174,αὔτως,2,2,57
1175,Ὠκεανόν,0,1,4
1176,ἵκηται,0,1,25
1177,λαούς,1,2,14
1178,περικαλλές,1,0,9
1179,οἷος,1,0,30
1180,ἄψορροι,1,0,3
1181,λασίοισι,0,1,1
1182,ἔσκε,3,0,32
1183,Ἀχαιῶν,16,23,375
1184,πολυφλοίσβοιο,0,1,8
1185,ἄνακτα,0,2,26
1186,κατέπεφνεν,1,0,9
1187,ἔπεσσ,1,0,1
1188,μαχησόμενος,0,1,2
1189,κοῦροι,0,2,32
1190,ἀνδρί,3,1,44
1191,μύθους,0,1,3
1192,πνείοντας,1,0,1
1193,Πάτροκλος,0,1,41
1194,ἀναιδές,0,1,1
1195,θαμειαί,0,1,4
1196,αἰχμητάων,0,1,10
1197,σεο,0,1,2
1198,φιλότητι,1,0,28
1199,φέρομεν,1,0,1
1200,ῥοδοδάκτυλος,1,1,27
1201,Ἀχιλῆος,5,2,32
1202,βῆσαν,0,1,3
1203,αὐέρυσαν,0,1,2
1204,Ἰδομενεύς,0,1,38
1205,βροτῶν,2,0,44
1206,φέρον,2,0,44
1207,ποδήνεμος,1,0,10
1208,δόρπου,1,0,4
1209,σαώτερος,0,1,1
1210,ἵππων,5,0,91
1211,ἤειραν,1,0,1
1212,κατέβαν,1,0,2
1213,ἐναιρέμεν,1,0,3
1214,ἐλεεινόν,1,0,6
1215,ἀχνυμένοις,1,0,1
1216,ἤλυθες,1,0,6
1217,οὕνεκα,0,1,23
1218,τέτλαθι,0,1,3
1219,γονή,1,0,1
1220,θρόνου,2,1,19
1221,ζωοῦ,1,0,4
1222,δμῳαί,1,0,19
1223,βέλος,0,2,44
1224,τεληέσσας,0,1,7
1225,ταναήκεϊ,1,0,4
1226,μνήσατ,1,0,1
1227,ἕρκος,0,1,21
1228,ἔφυρον,1,0,1
1229,νεικείῃσι,0,1,1
1230,κεκαλυμμένος,1,0,4
1231,δύο,1,1,42
1232,θυμόν,11,6,290
1233,ῥῖψε,0,1,1
1234,στονόεσσαν,1,0,2
1235,ἐλυσθείς,1,0,2
1236,ἁπλοΐδας,1,0,2
1237,ἐλθοῦσ,0,1,2
1238,Μυρμιδόνεσσι,1,0,9
1239,πολυδειράδος,0,1,3
1240,πείθοντό,0,1,3
1241,ὀλέσσῃ,0,1,3
1242,Ἀχαιοῖς,0,1,10
1243,θαλάμοιο,1,0,22
1244,ἑ,3,2,65
1245,τόθ,2,0,11
1246,πτερόεντ,1,0,10
1247,φέροις,0,1,1
1248,μαχέοιντο,0,1,1
1249,μέ,0,1,5
1250,θείομεν,0,1,3
1251,ἕδος,2,0,13
1252,πύξινον,1,0,1
1253,ἤγερθεν,1,1,5
1254,δευόμενον,0,1,3
1255,μύθων,1,0,45
1256,τέκεος,1,0,1
1257,ἐσθέμεναι,1,0,5
1258,δῆμον,1,0,47
1259,ἄλλοτε,5,0,33
1260,εἴρομαι,0,1,1
1261,δέμνι,1,0,5
1262,ὠκυπόροισι,0,2,3
1263,ἕταροι,3,0,17
1264,ἔπεμψεν,0,1,2
1265,μαινομένῃσιν,2,0,2
1266,δείσῃ,1,0,1
1267,γέρων,17,3,93
1268,μεγάροις,2,0,32
1269,ἁρπακτῆρες,1,0,1
1270,ἔλπεται,1,0,2
1271,οἷ,1,0,39
1272,σκυδμαινέμεν,1,0,1
1273,ἐπιτέλλεο,0,1,1
1274,εὔκηλος,0,1,2
1275,ὀνείατ,1,0,1
1276,Πολύφημον,0,1,2
1277,λαβέ,1,1,2
1278,κυδιανείρῃ,1,0,4
1279,καρήνων,1,1,8
1280,ἀπαμειβόμενος,3,5,110
1281,δαῖτα,2,3,34
1282,προπάροιθεν,1,0,11
1283,υἷες,2,5,52
1284,ὥρμαινε,0,1,9
1285,ἔπι,1,2,80
1286,Αἰγαίων,0,1,1
1287,πῦρ,1,0,63
1288,νεικείων,1,0,4
1289,ἀκουέμεν,0,1,10
1290,χρώς,1,0,12
1291,ἀλλοδαπούς,1,0,3
1292,τοὔνεκ,0,1,6
1293,ἐσθλά,1,0,16
1294,κεχολώσεται,0,1,4
1295,βασιλήων,0,1,9
1296,δέχεσθαι,1,1,3
1297,ὤλεσε,1,0,10
1298,ἀμύμων,0,1,19
1299,λέχος,0,2,20
1300,εἴξατέ,1,0,1
1301,οὐρανόθεν,0,2,20
1302,ἔθελ,0,1,6
1303,Ἑλένη,1,0,20
1304,ἀτίταλλεν,1,0,2
1305,ἐπεκλώσαντο,1,0,3
1306,ἄγω,0,1,4
1307,παράκοιτιν,1,0,8
1308,νεῶν,1,1,42
1309,δ,196,153,6511
1310,υἱός,2,2,216
1311,κεχάνδει,1,0,1
1312,φίλοι,2,0,79
1313,ὧν,1,0,15
1314,εἰπέ,4,1,44
1315,τετελεσμένον,0,1,21
1316,πέτετο,1,0,4
1317,βούλεσθ,1,0,1
1318,ναιόμενον,0,1,4
1319,σκύζεσθαι,1,0,1
1320,γενεαί,0,1,1
1321,ἕλκεο,0,1,1
1322,ναί,1,2,11
1323,ἐγγυαλίξαι,0,1,1
1324,διοτρεφέων,0,1,6
1325,γεραιός,5,1,13
1326,εἰπών,0,4,118
1327,Πριάμῳ,5,0,15
1328,ὑπείξομαι,0,1,1
1329,ἐριβώλακι,1,1,5
1330,παρεόντε,1,0,1
1331,ἐσθλῷ,1,0,1
1332,θεοπρόπιον,0,1,1
1333,κλισίῃ,2,1,19
1334,ἀπέλυσε,0,1,3
1335,χερσίν,10,4,121
1336,προτί,3,0,71
1337,ἐΐσης,1,2,13
1338,ὧδ,2,0,34
1339,μαλακοῖσιν,1,1,4
1340,πετεηνῶν,1,0,9
1341,ἀπήμων,0,1,7
1342,τότ,3,2,104
1343,στυφελίξαι,0,1,1
1344,ἐΰ,1,2,34
1345,παρελεύσεαι,0,1,1
1346,οὐτιδανός,0,1,4
1347,τόν,38,19,999
1348,ἐξάπτων,1,0,1
1349,ἑκάτερθεν,2,0,6
1350,ἔκλαγξαν,0,1,1
1351,ἕλον,1,1,16
1352,Χρυσηΐδος,0,1,1
1353,σῶν,0,1,7
1354,καθέζετο,2,3,14
1355,φέρων,0,3,56
1356,ἱλάσκοντο,0,1,1
1357,ἆσαι,1,0,8
1358,ἄνασσεν,0,1,4
1359,τιμῆς,0,1,16
1360,δαιμονίη,1,1,8
1361,γέροντα,3,0,16
1362,ἐφιείς,0,1,1
1363,ψαμάθοις,0,1,3
1364,ἔλθοις,1,0,1
1365,ἐλθέ,1,0,5
1366,πολλοί,1,1,72
1367,ἀνστήτην,0,1,1
1368,ἄρ,27,13,640
1369,κρατύς,1,0,4
1370,κάη,0,1,2
1371,θεοῖσι,3,2,51
1372,ἐπί,33,22,841
1373,ὄρινε,1,0,13
1374,τελέσαι,1,0,12
1375,ἦε,0,1,28
1376,ἄλλοτ,1,1,6
1377,ἤλθετε,1,0,1
1378,ὀνειδείοις,0,1,5
1379,ἐπιθεῖτε,1,0,2
1380,ἔλασσαν,2,0,2
1381,φωνήσασα,1,0,10
1382,Ἀγαυόν,1,0,1
1383,Ἥρῃ,1,2,9
1384,κλαῖε,2,0,10
1385,κύνας,1,1,23
1386,Φρυγίη,1,0,1
1387,γόου,1,0,4
1388,ξύμβληντο,1,0,3
1389,ἄλαστον,1,0,5
1390,Ἀπόλλωνι,0,3,8
1391,δέξατο,0,1,6
1392,ἐπένοντο,1,0,1
1393,ἔδεισας,1,0,2
1394,δός,1,1,26
1395,ὠμοθέτησαν,0,1,4
1396,ἔπειτά,1,1,7
1397,αἴθοπι,1,0,14
1398,τομήν,0,1,1
1399,ξύλα,1,0,12
1400,ὄλωλας,1,0,1
1401,ἔπεφνες,1,0,4
1402,εἰδώς,1,1,45
1403,ἐξαλαπάξαι,0,1,6
1404,ἄνδρες,1,2,71
1405,πόλιος,1,0,20
1406,ἀπώλεσ,1,0,1
1407,ῥῦσαι,1,0,2
1408,θεούς,3,0,26
1409,πολλόν,0,1,58
1410,ἀρείοσιν,0,1,1
1411,κρητῆρας,0,1,8
1412,ἀνήρ,5,2,191
1413,πείρησαι,0,1,3
1414,χεῖρες,0,1,12
1415,γείνατο,1,1,18
1416,ὕδωρ,1,0,75
1417,ἑκατόμβης,0,2,4
1418,βάλε,0,1,82
1419,ἱερούς,1,0,2
1420,ἴκελος,1,0,5
1421,νηῶν,4,0,83
1422,θέμιστας,0,1,7
1423,ἑδέων,0,2,2
1424,ὀΐω,1,7,57
1425,θεοειδέα,1,0,5
1426,ἀϋτήν,0,1,3
1427,ὑπείρ,1,0,5
1428,θεράπων,2,0,26
1429,ὀξέϊ,1,0,42
1430,ἄχε,1,0,3
1431,ὑποδείσαντες,1,0,5
1432,κήδοντο,1,0,1
1433,ἠερίη,0,2,2
1434,ἐσθλούς,2,0,6
1435,ἤτοι,6,4,105
1436,προδόμῳ,1,0,8
1437,ἕλεσκε,1,0,2
1438,πρυμνήσια,0,1,7
1439,στήσας,1,0,4
1440,προσφῦσα,1,0,1
1441,λίθους,1,0,1
1442,θύρη,1,0,1
1443,ζῶντος,0,1,1
1444,ἤ,11,20,451
1445,ἄψ,1,2,110
1446,λαμπρόν,0,1,7
1447,ἀνδροκτασίαι,1,0,2
1448,φρένες,2,1,22
1449,κεῖνός,1,0,8
1450,γόον,3,0,12
1451,Ἶριν,2,0,5
1452,ἅλα,1,5,49
1453,σφ,1,0,24
1454,πρόπαν,1,1,10
1455,ἀπέλυσας,1,0,1
1456,λαυκανίης,1,0,1
1457,ὀφέλλωσίν,0,1,1
1458,δόμον,2,0,50
1459,ἐστί,5,2,93
1460,ἐπιμέμφεται,0,2,2
1461,ἱπποκορυσταί,1,0,3
1462,ἔασιν,1,0,22
1463,πολέμοιο,0,2,101
1464,κλαίων,1,0,5
1465,ἔνι,1,0,69
1466,ἐλέησον,1,0,6
1467,γλυκύς,0,1,15
1468,φάτο,6,6,163
1469,παύσαντο,0,1,6
1470,κεν,15,10,403
1471,ἕλε,1,1,41
1472,ὦκα,2,1,69
1473,πρόσθεν,1,1,42
1474,ἄφρων,2,0,5
1475,διάκτορος,6,0,13
1476,χέοντες,2,0,8
1477,ἔρυσσαν,0,1,6
1478,οἰοπόλοισιν,1,0,2
1479,ἀργυρέῃ,0,1,3
1480,θαλάμου,1,0,6
1481,ὁρόων,0,1,9
1482,Νιόβη,1,0,1
1483,πώποτ,0,1,1
1484,κρήηνον,0,2,2
1485,θνήσκοντας,0,1,1
1486,ἐλθέμεν,3,0,23
1487,γήθησεν,1,1,16
1488,ἀθανάτοισι,2,2,56
1489,ἐλθέμεναι,0,1,8
1490,ὄπιθεν,0,1,18
1491,ἀργίποδας,1,0,1
1492,νεῖμεν,1,0,3
1493,ἦτορ,4,1,95
1494,ἑκηβόλον,0,1,1
1495,ἀπίης,0,1,4
1496,τηλίκου,1,0,1
1497,ἴαχε,0,1,10
1498,εὔχετο,0,1,12
1499,μήτε,0,2,17
1500,βάλλον,1,1,11
1501,χωόμενον,0,1,2
1502,ἀπαμύνασθαι,1,0,3
1503,λίθος,1,0,8
1504,δῖος,5,4,188
1505,θαλάσσης,1,3,87
1506,ζεῦξαν,1,0,1
1507,ἦγε,1,0,10
1508,λέων,2,0,25
1509,ταρβήσαντε,0,1,1
1510,κέλευθα,0,1,13
1511,νῶϊ,1,0,41
1512,λαός,3,0,27
1513,ἵμερος,1,0,7
1514,Ὀλύμπια,0,1,13
1515,οὔδει,1,0,11
1516,Λέσβος,1,0,1
1517,ἐλέησε,1,0,8
1518,διοτρεφέος,1,0,7
1519,νηόν,0,1,7
1520,σημαίνειν,0,1,5
1521,περίσχεο,0,1,1
1522,θνήσκοντες,0,1,1
1523,ἀναοίγεσκον,1,0,1
1524,σταυροῖσιν,1,0,1
1525,διαρραίσεσθαι,1,0,1
1526,εἰδῇς,0,1,9
1527,τερπικεραύνῳ,0,1,8
1528,στοναχή,1,0,1
1529,ἵζε,1,0,1
1530,κτέρεα,1,0,4
1531,ἐπαρήγειν,1,0,1
1532,χειρός,3,1,59
1533,παῖδα,3,2,33
1534,γάρ,51,42,1400
1535,τοῖσιν,1,4,90
1536,τεκέειν,1,0,1
1537,πέπνυσαί,1,0,1
1538,ἀπίθησε,2,1,22
1539,βροτός,2,0,16
1540,Θέτις,3,5,28
1541,γαμβροί,1,0,2
1542,λαόν,1,3,78
1543,ὧς,2,2,29
1544,τελέεσθαι,0,1,9
1545,τεός,1,0,7
1546,νέον,2,1,39
1547,μάχην,1,0,29
1548,μαχήσομαι,0,1,4
1549,πέρ,0,2,41
1550,μαχέσαιτο,1,0,1
1551,δώῃ,2,0,20
1552,ἕηκε,0,1,1
1553,ἑλισσομένη,0,1,2
1554,ἐέλδωρ,0,3,10
1555,ἕψεαι,1,0,1
1556,ὀμφαλόν,1,0,5
1557,τρίχες,1,0,5
1558,θοῇ,1,2,21
1559,ἀλεωρῆς,1,0,1
1560,ἀτελεύτητον,0,1,1
1561,σφωε,0,1,4
1562,ἐμέ,2,1,104
1563,προσέειπεν,0,1,43
1564,ὑπηνήτῃ,1,0,2
1565,ὦρσε,1,0,26
1566,πρίν,9,3,195
1567,γενετῆς,1,0,2
1568,Αἰθιοπῆας,0,1,1
1569,ἀγανοῖσι,1,0,2
1570,ἀπώλεσεν,1,0,2
1571,ἔξω,1,0,9
1572,ἐπιχθονίων,1,1,9
1573,ἔθ,1,0,5
1574,μετ,1,3,129
1575,ἑτοιμάσατ,0,1,1
1576,μινυνθάδιόν,0,1,1
1577,τόσσα,1,1,17
1578,ἔργ,0,1,12
1579,τῷ,8,2,332
1580,κοίλῃσιν,0,1,1
1581,διέστησαν,1,0,1
1582,νεκρόν,5,0,29
1583,Κρονίδην,1,1,5
1584,ἦλθε,2,4,100
1585,θυράων,2,0,15
1586,ἧκε,1,3,37
1587,ὕπνου,1,0,17
1588,ἐρύσας,1,0,3
1589,τῇ,6,2,126
1590,ἀεικέα,2,4,32
1591,Ἀτρεΐωνι,1,0,1
1592,φείσατ,1,0,1
1593,ψυχήν,1,0,13
1594,κινηθέντος,0,1,1
1595,ποῖον,0,1,12
1596,λύσασθαι,4,0,4
1597,ἔβαν,0,2,28
1598,κορωνίσιν,2,1,11
1599,ὁμοιωθήμεναι,0,1,2
1600,δώσουσι,0,2,4
1601,ἐνοπήν,1,0,4
1602,ἀπειλεῖς,0,1,1
1603,ἔκλυες,1,1,6
1604,χέρνιβον,1,0,1
1605,ἀπώσατο,1,0,2
1606,πολλά,8,5,278
1607,αὖτε,10,4,192
1608,πατρός,5,3,125
1609,χολωσαμένη,1,0,5
1610,θεοῖσιν,3,1,49
1611,ῥηγμῖνι,0,1,14
1612,τίπτ,0,1,9
1613,ταράξῃ,0,1,1
1614,ἄνωγε,2,0,13
1615,ὑπό,6,1,256
1616,γύναι,1,0,25
1617,ἀέκουσ,0,1,1
1618,εἴρετο,0,1,4
1619,πυλαωρούς,1,0,2
1620,σκηπανίῳ,1,0,2
1621,ποίησε,1,0,10
1622,τριτάτοισιν,0,1,1
1623,λύσῃ,2,0,3
1624,κείνοισι,0,1,2
1625,ὀρεγνύς,0,1,2
1626,θεοί,10,9,200
1627,ἀπέβη,3,0,24
1628,φίλῳ,2,4,29
1629,Ἀθηναίην,0,1,14
1630,φέρτατός,0,1,2
1631,ἀργυρότοξ,0,2,2
1632,Φοῖβος,1,5,40
1633,Ἄργος,1,0,21
1634,ἔλσαι,0,1,3
1635,ἴῃς,1,0,1
1636,ποδῶν,1,0,23
1637,ἔσθος,1,0,1
1638,πεφάσθαι,1,0,3
1639,ἆλτο,2,1,22
1640,γνῷ,0,1,2
1641,ἀλεξέμεναι,0,1,7
1642,παρά,8,16,254
1643,ὄλβιον,1,0,2
1644,ἔρεψα,0,1,2
1645,πείθονται,0,1,1
1646,κάλλιον,1,0,8
1647,νένιπται,1,0,1
1648,πάτρης,4,1,16
1649,χέοντος,0,1,1
1650,τόσσους,1,0,3
1651,ὀρίνῃς,2,0,2
1652,ἴω,1,0,6
1653,ἐμήνιε,0,1,1
1654,ἔφερον,1,0,4
1655,Κρονίδης,2,0,26
1656,ἄνω,1,0,2
1657,θεοῦ,1,0,27
1658,κλυτά,2,0,35
1659,ᾠχόμεθ,0,1,2
1660,ὁμοῦ,0,1,21
1661,κακῇ,0,1,5
1662,ἀλλά,9,18,494
1663,υἱάσι,1,0,7
1664,ἐστ,1,0,7
1665,δώδεκα,3,0,25
1666,ἀεικίζει,1,0,1
1667,ἀμφ,2,2,102
1668,μάρτυροι,0,1,7
1669,ὄψεαι,1,0,5
1670,πέμψω,0,1,11
1671,ἐρύσαιτο,1,0,1
1672,κάλυπτε,1,0,1
1673,τοκήων,3,0,14
1674,Ἀτρεΐδαι,0,1,3
1675,εἶμ,0,1,11
1676,Ἀτρεΐδην,0,2,16
1677,κῆρύξ,2,0,2
1678,Ἄϊδός,1,0,2
1679,χαῖται,0,1,7
1680,Ἑρμείας,5,0,17
1681,γάμου,1,0,4
1682,ὄϊς,1,0,5
1683,φράζεο,1,0,10
1684,ἄλλῳ,0,1,26
1685,ἔμμεναι,2,2,81
1686,μένειν,0,1,14
1687,μητέρι,1,0,11
1688,ὔμμες,1,2,6
1689,δείδοικα,1,1,7
1690,μακάρεσσι,0,1,12
1691,ὀρχησταί,1,0,1
1692,ἔνθ,2,2,177
1693,ὀφθαλμούς,3,0,7
1694,βοῶν,1,0,43
1695,ἔχουσα,3,0,17
1696,νήεσσιν,1,0,9
1697,εἰς,2,5,279
1698,πίοιεν,1,0,1
1699,ἀκαχήμενος,1,0,6
1700,γλαυκῶπις,0,1,80
1701,κρατός,0,1,16
1702,σεῦ,4,0,21
1703,τρεῖς,2,0,29
1704,χόλος,0,1,23
1705,τριπλῇ,0,1,1
1706,ἑτέρωθεν,0,1,33
1707,νοήσῃ,1,1,5
1708,λυσόμενός,0,2,2
1709,παλινάγρετον,0,1,1
1710,Τρώεσσι,0,1,82
1711,ἀγορεύω,0,1,12
1712,εὖ,4,4,147
1713,ἐντεσιεργούς,1,0,1
1714,σίνεται,1,0,1
1715,θυγατέρες,2,0,6
1716,τρίς,3,1,47
1717,οἶδεν,1,0,10
1718,ἀγητός,1,0,1
1719,μῆτερ,0,2,13
1720,ἐς,27,13,574
1721,Παλλάδ,0,1,4
1722,αἰδέομαι,2,0,9
1723,Ἕκτωρ,5,0,202
1724,περιφραδέως,1,1,6
1725,ἐλθοῦσα,0,1,5
1726,ὠκυμορώτατος,0,1,1
1727,τίς,12,3,201
1728,ἐνθάδ,2,1,75
1729,τείρουσ,1,0,1
1730,γένηται,2,1,30
1731,ῥέεν,0,1,6
1732,κατάνευσον,0,1,1
1733,ὕλη,1,0,12
1734,ἡμιόνων,1,0,6
1735,τόφρα,0,1,51
1736,ἀποαίρεο,0,1,1
1737,ἀγαθά,1,0,5
1738,θωρηχθῆναι,0,1,3
1739,μόλῃ,1,0,1
1740,δόρποιο,1,0,5
1741,γηθήσαι,0,1,1
1742,τῆμος,1,0,8
1743,πέμπουσιν,0,1,3
1744,πάρ,2,1,108
1745,ὁμοκλήν,1,0,5
1746,ἐόντα,2,4,99
1747,ἠμέν,1,0,55
1748,ἐδητύος,1,1,29
1749,φαρέτρην,0,1,7
1750,ἑρσήεις,1,0,1
1751,ἀχνύμενοί,1,0,9
1752,λάσιος,1,0,1
1753,ᾗς,1,1,4
1754,ἄμεινον,1,3,11
1755,δήμῳ,1,0,47
1756,ἕζευ,1,0,1
1757,ἁδινά,2,0,7
1758,φόρμιγγος,0,1,3
1759,δεξιός,1,0,6
1760,μίμνῃ,1,0,2
1761,ἀντιάασθε,1,0,1
1762,οἶσθα,1,2,14
1763,ἔδωκας,1,0,5
1764,παρέκειτο,1,0,2
1765,αἰχμητήν,0,1,10
1766,αἰγλήεντος,0,1,3
1767,κρυπτάδια,0,1,1
1768,ἤγομεν,0,1,2
1769,ἑταῖροι,1,0,77
1770,ἡβώοντες,1,0,2
1771,ἀνίστη,2,0,2
1772,οἰνοβαρές,0,1,1
1773,ἔρον,2,1,24
1774,ἀφαιρήσεσθαι,0,1,2
1775,φρεσίν,3,0,73
1776,βέῃ,1,0,2
1777,λειμωνόθεν,1,0,1
1778,σχήσω,1,0,2
1779,ὄχ,0,1,20
1780,πρόφρων,0,3,23
1781,τ,40,21,1103
1782,συναγειρόμενοι,1,0,1
1783,ἱκέσθαι,2,1,56
1784,κήδεται,1,0,5
1785,δώῃσιν,0,1,2
1786,νεκύων,0,1,20
1787,ἕντο,1,1,22
1788,κεῖται,4,0,60
1789,ἠτίμησ,0,1,1
1790,ἀμφίπολος,1,0,14
1791,εἰκοστόν,1,0,1
1792,ἄκρης,1,0,8
1793,μέγας,3,1,72
1794,πᾶσι,0,2,69
1795,δεύτερον,0,1,17
1796,πνοιῇς,1,0,6
1797,εὗρε,1,0,17
1798,ἔρεψαν,1,0,1
1799,ἔγωγέ,1,0,2
1800,Θέτιν,2,0,4
1801,ὕπο,1,0,39
1802,πυκνοῖσιν,1,0,1
1803,ἴτω,2,0,11
1804,λύματα,0,1,2
1805,κέλευθον,0,1,13
1806,ὧδε,2,3,93
1807,κακκείοντες,0,1,6
1808,οἵ,26,16,768
1809,Βρισηΐδος,0,1,2
1810,κωφήν,1,0,1
1811,σόν,2,2,34
1812,σκῆπτρον,0,3,23
1813,κασίγνητοί,1,0,5
1814,δυσμενέων,1,0,11
1815,ὀξύ,0,1,52
1816,κτεῖνας,1,0,1
1817,τινα,0,1,53
1818,μηδέ,1,2,57
1819,στρατόν,4,7,47
1820,Ἄλκιμος,2,0,3
1821,ἄλλος,7,1,112
1822,ἔλυσα,1,0,3
1823,κύματα,1,0,11
1824,μεγάλῃ,1,0,7
1825,αὐλῆς,2,0,27
1826,νικᾷ,0,1,2
1827,οἶνον,3,1,76
1828,αὐτώ,0,1,12
1829,ἀπείρων,2,0,2
1830,νοήσῃς,0,1,1
1831,βροτοῖσι,1,0,10
1832,ἵξεται,0,1,2
1833,ὧδέ,1,0,8
1834,τἆλλα,0,1,5
1835,ἴδμεν,0,1,23
1836,ἡμιονείην,2,0,3
1837,ἀείκιζεν,1,0,1
1838,φέρτερόν,0,1,3
1839,πλούτῳ,2,0,4
1840,μνησαμένω,1,0,2
1841,ἷκεν,0,1,2
1842,ἤλυθε,1,0,11
1843,ἀθανάτων,2,0,31
1844,ἐνθάδε,0,1,48
1845,διδοῦναι,1,0,1
1846,ἀρητῆρα,0,1,1
1847,ποιήσαντες,0,1,4
1848,τετραπλῇ,0,1,1
1849,ἐοῦσαν,0,1,8
1850,θάμβησεν,1,1,3
1851,ἤδη,5,4,152
1852,ἔδωκεν,0,3,26
1853,ὄθομαι,0,1,1
1854,ἐκέλευεν,1,0,9
1855,κορυφῇ,0,1,5
1856,ὤπτησάν,0,1,4
1857,Ἑρμείαν,3,0,7
1858,ἐδωδῆς,1,0,4
1859,ἐϋρρεῖος,1,0,5
1860,οἷς,1,1,21
1861,κατανεῦσαι,0,1,2
1862,ὑφ,2,1,32
1863,φίλος,5,1,97
1864,ἔχει,2,3,50
1865,ἀρνῶν,1,1,13
1866,λίσαι,0,1,1
1867,ὀϊζυρός,0,1,2
1868,ἀρητῆρος,0,1,1
1869,μνησώμεθα,1,0,6
1870,ἡμιόνειον,1,0,1
1871,ἀντιβολῆσαι,1,0,4
1872,βουληφόρος,1,1,3
1873,ὀσσόμενος,0,1,2
1874,ἐρέθιζε,1,1,2
1875,δέ,127,88,4455
1876,ἑλών,3,3,52
1877,ἐννεακαίδεκα,1,0,1
1878,νυκτί,0,1,20
1879,παρειῶν,1,0,5
1880,κάλ,1,0,12
1881,ἄγαγε,3,1,5
1882,πολιόν,2,0,9
1883,χρῖσαν,1,0,5
1884,πέπλους,1,0,2
1885,ὅτ,2,2,100
1886,ἐκπαγλότατ,0,1,3
1887,πάλιν,3,2,57
1888,σφωΐτερόν,0,1,1
1889,κεῖνοι,0,1,3
1890,πέμπων,1,0,1
1891,ἔγρετο,1,0,6
1892,πεδίον,3,0,45
1893,ἐφείω,0,1,1
1894,ἔλαθ,1,0,4
1895,Ἀτρεΐδῃ,0,3,14
1896,χερείονα,0,1,3
1897,παναώριον,1,0,1
1898,μητρί,0,4,15
1899,ἄστυ,11,0,106
1900,φεύγωμεν,1,0,4
1901,μ,11,10,287
1902,διοτρεφές,2,0,37
1903,μεδέων,1,0,5
1904,νηῦς,1,0,26
1905,κνίσης,1,1,7
1906,βάλον,1,0,12
1907,αἰγίδι,1,0,1
1908,ζώοντι,1,0,1
1909,αἰῶνος,1,0,2
1910,ἠγερέθοντο,1,0,13
1911,λυσόμενος,1,0,2
1912,μετατρέπῃ,0,1,1
1913,ἆσσον,1,2,25
1914,κατάλεξον,3,0,26
1915,κέλευε,1,0,13
1916,θανόντα,1,0,5
1917,ἀγραύλοιο,1,0,7
1918,λαοῖσι,1,0,8
1919,ἀμύμονας,0,1,2
1920,ὀδάξ,1,0,9
1921,ἄγειν,0,3,11
1922,ἀμφιμέλαιναι,0,1,2
1923,ὑμῖν,2,2,37
1924,ἀκήρατον,1,0,1
1925,ἔσαν,1,2,64
1926,ἤλασαν,0,1,4
1927,ὑποβλήδην,0,1,1
1928,κακός,1,0,27
1929,γουνάσομαι,0,1,1
1930,θεῶν,6,6,181
1931,εἰσ,0,1,9
1932,ἑλκυστάζων,1,0,2
1933,αὐτός,17,8,324
1934,θήσονται,1,0,1
1935,πίνων,1,0,6
1936,παρείπῃ,0,1,1
1937,πυκινόν,3,0,25
1938,ἄνασσε,1,1,7
1939,ταρπώμεθα,1,0,3
1940,Δηΐφοβόν,1,0,3
1941,λυγρῇ,1,0,2
1942,Ἀθήνη,1,3,196
1943,θεινομένην,0,1,1
1944,κνέφας,1,1,15
1945,δυσάμμοροι,1,0,2
1946,μεταλλῶ,0,1,1
1947,ὀλέσθαι,1,0,13
1948,ὤνησας,0,1,1
1949,μεγάροιο,1,0,48
1950,γέλως,0,1,4
1951,ἱκάνει,0,1,26
1952,αἴτει,1,0,1
1953,γένετ,2,3,28
1954,ἀγαπαζέμεν,1,0,1
1955,θαυμάζομεν,1,0,3
1956,πεῖράν,1,0,3
1957,πρός,5,9,238
1958,θαύμαζεν,1,0,5
1959,πόλεμός,0,1,3
1960,κουριδίης,0,1,3
1961,φασί,2,0,13
1962,ἑτάροισι,0,2,30
1963,ἰούσης,0,1,2
1964,ὄρωρεν,1,0,8
1965,ἑλικώπιδα,0,1,1
1966,ἐρίφων,1,0,4
1967,ποιπνύοντα,0,1,2
1968,οὐδέ,34,19,621
1969,ἑῶν,1,0,1
1970,κάδ,4,0,56
1971,δέπαϊ,1,0,6
1972,ἧσθαι,0,2,9
1973,χερνίψαντο,0,1,1
1974,ἴμεν,0,1,57
1975,καταδύντι,0,1,4
1976,Πρίαμος,17,1,36
1977,Σάμον,1,0,2
1978,ἔρχομ,0,1,1
1979,ἀμειβόμεναι,0,1,2
1980,Μήστορά,1,0,1
1981,αἰσχύνει,1,0,1
1982,πρώτῃ,1,0,5
1983,ἵζεσκε,1,0,1
1984,ἡμεῖς,3,0,81
1985,κόπρος,1,0,1
1986,προθύροιο,1,0,7
1987,ὀνείδισον,0,1,1
1988,ἀπηύρων,0,1,6
1989,γλαφυρῇσι,1,0,8
1990,ὤλεο,1,0,1
1991,πρόσθε,1,0,25
1992,πείσεσθαι,0,3,6
1993,Πηλῆϊ,1,0,7
1994,ἐπιέλπεο,0,1,1
1995,σφι,3,0,46
1996,ἀπότμου,1,0,1
1997,σχέτλιοί,1,0,2
1998,τεθνηῶτος,1,0,8
1999,νηΐ,2,5,52
2000,φάρεα,1,0,2
2001,οὐλοχύτας,0,2,7
2002,κρητῆρος,0,1,7
2003,ῥίγιον,0,2,5
2004,δέξασθαι,0,1,1
2005,ἐρύσαντό,1,1,5
2006,μή,25,16,520
2007,βοός,1,0,27
2008,πολυδαιδάλῳ,1,0,1
2009,πού,1,0,40
2010,ὄπασσεν,1,0,3
2011,γυναικός,0,1,15
2012,ἰδυίῃ,0,1,3
2013,φάσγανον,0,1,14
2014,πολέας,3,1,19
2015,πεφρίκασιν,1,0,1
2016,μάστιγα,1,0,11
2017,κεχολῶσθαι,2,0,7
2018,ἀντίον,1,1,96
2019,φρεσί,8,5,134
2020,ῥυμῷ,1,0,3
2021,ἐρύκων,1,0,1
2022,ἐπικερτομέων,1,0,3
2023,αὐτοῖσι,0,1,7
2024,κελεύεις,1,0,25
2025,ἔγνω,2,2,27
2026,ἔδεαι,1,0,1
2027,ἱλάσσεαι,0,1,1
2028,κηδήσοντες,1,0,1
2029,θοῇς,1,0,7
2030,πώ,1,2,42
2031,τέκετο,1,0,12
2032,ὀδυρόμενος,1,0,13
2033,ἔρρετε,1,0,1
2034,πέπλοισι,1,0,1
2035,Αἰγεΐδην,0,1,1
2036,κιχείω,0,1,6
2037,ἐπέεσσιν,0,3,52
2038,ἑσταότ,2,0,15
2039,ἆ,1,0,14
2040,ἑῆος,2,1,7
2041,Ἀγαμέμνονι,1,2,31
2042,δίφροιο,1,0,11
2043,μολυβδαίνῃ,1,0,1
2044,ὅρμον,0,1,4
2045,μέσον,1,1,36
2046,αὖθι,1,1,56
2047,χύτο,1,0,7
2048,κατακεῖσθαι,1,0,1
2049,ἀγέραστος,0,1,1
2050,κύνεσσιν,0,1,3
2051,ἐνδυκέως,3,0,20
2052,εἴ,7,9,270
2053,ἥβην,1,0,5
2054,ἑκυρός,1,0,1
2055,ἄνωγεν,0,1,14
2056,Ἀργείοισι,0,2,21
2057,πάντας,5,3,127
2058,ἥ,13,7,352
2059,ἀλεγεινήν,1,0,2
2060,δέκα,1,0,19
2061,ἦλθον,1,1,44
2062,ἀνέρος,1,0,19
2063,ὁπόσσον,1,0,2
2064,αἵ,5,1,118
2065,μόγησα,0,1,6
2066,πάντ,1,1,36
2067,ἱρή,1,0,5
2068,λέξο,1,0,2
2069,φιλότητα,1,0,12
2070,ἀντίθεον,1,1,21
2071,ἀγανοφροσύνῃ,1,0,1
2072,χαρίεντ,0,1,1
2073,κήδε,0,1,27
2074,οὖρον,0,1,18
2075,τέκεϊ,1,0,2
2076,ἐννῆμαρ,4,1,12
2077,πασσαλόφι,1,0,3
2078,ἐπιπείθεο,0,1,2
2079,ὕπτιος,1,0,14
2080,μέμυκεν,1,0,1
2081,πολλῶν,1,0,19
2082,τρίποδας,1,0,7
2083,λοιβῆς,1,0,2
2084,ἔφατ,10,5,181
2085,βροτούς,1,0,1
2086,ἔπλεο,0,1,2
2087,νέκυός,1,0,1
2088,ἐπαίτιοι,0,1,1
2089,ἀπολυμαίνεσθαι,0,1,1
2090,φάτνῃ,1,0,7
2091,δεκάτη,1,0,4
2092,αἶσα,1,1,16
2093,ἴθι,2,1,22
2094,νοσφιζοίμεθα,1,0,2
2095,καθήατο,1,0,3
2096,δεινώ,0,1,1
2097,ἀπεβήσετο,0,1,5
2098,ἠῶθεν,1,0,20
2099,μυχῷ,1,0,13
2100,ἐμοῖς,0,1,12
2101,ἁλός,2,5,63
2102,ἐλαύνει,1,0,3
2103,ῥ,6,4,314
2104,ἐξερέω,0,1,11
2105,Λητώ,0,1,9
2106,πάντων,4,6,100
2107,νήεσσ,0,1,2
2108,ὄψεσθαι,1,0,5
2109,σχέθε,0,1,5
2110,δησάσκετο,1,0,1
2111,ἔα,0,1,24
2112,τέκος,3,1,38
2113,δώσει,1,1,15
2114,λάζετο,1,0,10
2115,κήδεα,2,0,13
2116,ὀτρύνει,1,0,6
2117,τοτέ,1,0,4
2118,φύλλα,0,1,8
2119,ἄνδρ,3,0,17
2120,ἐλέλιξεν,0,1,2
2121,νέκυν,3,0,19
2122,ὑφέντες,0,1,1
2123,πτερόεντα,1,1,118
2124,αὖτ,0,1,132
2125,εὔφρην,1,0,1
2126,τέκομεν,1,0,2
2127,ἦ,17,19,616
2128,ἐνί,20,4,541
2129,ὅτι,5,2,42
2130,λωβητῆρες,1,0,1
2131,ἔχῃς,0,1,2
2132,ἕνα,1,0,22
2133,θεαί,1,0,6
2134,τυτθόν,1,1,29
2135,ἀθάνατον,1,0,6
2136,πορφύρεον,0,1,7
2137,λάρνακα,1,0,1
2138,κερδαλεόφρον,0,1,2
2139,πειρᾷ,2,0,3
2140,Τρωϊάδων,1,0,3
2141,κραταιή,2,0,9
2142,πῆμα,1,0,29
2143,παιήονα,0,1,2
2144,ἱκάνω,2,0,16
2145,ἐλεγχέες,1,0,2
2146,Πηλεΐωνι,1,1,8
2147,ἡγήσατ,0,1,3
2148,κερτομίοισι,0,1,3
2149,ὡμίλησα,0,1,1
2150,ἕρκεϊ,1,0,3
2151,ἱρήν,2,0,15
2152,τις,15,7,490
2153,σήπεται,1,0,1
2154,εὔχετ,1,0,8
2155,εἴτ,0,1,3
2156,χειρί,2,4,85
2157,ἀστεροπητής,0,2,3
2158,γ,11,14,411
2159,οἶκον,1,1,70
2160,ἔμπης,1,1,38
2161,ἑτάροιο,3,0,11
2162,νεφεληγερέτα,1,3,30
2163,πάθῃσθα,1,0,1
2164,τάχιστα,3,0,49
2165,μετά,7,7,244
2166,δαίνυντ,1,2,13
2167,ἀθάνατος,1,0,10
2168,ἴαλλον,1,0,14
2169,λέξον,1,0,1
2170,ἁδινοῦ,1,0,4
2171,ἔθηκε,1,1,38
2172,ἧχι,0,1,9
2173,ἑοῦ,3,1,10
2174,ἄμφω,0,4,61
2175,τεταγών,0,1,2
2176,ἴδοι,1,0,8
2177,πορφυρέοις,1,0,1
2178,ἕνεκ,1,2,19
2179,λίσσομαι,0,1,6
2180,δάκρυα,0,1,22
2181,Οὔλυμπόν,0,1,2
2182,ἐκαλέσσατο,1,0,2
2183,φῶτας,1,0,11
2184,θύει,0,1,1
2185,φρονέοντα,0,1,2
2186,αὐτόν,8,2,116
2187,ἠΰ,2,0,5
2188,τιμή,1,0,4
2189,ἑτοῖμα,1,0,16
2190,κηώεντα,1,0,3
2191,εἴασεν,1,0,2
2192,δῷσι,0,1,3
2193,ἐπιείκελ,1,0,6
2194,ἄγγειλον,1,0,1
2195,αἴσῃ,2,1,12
2196,οὕνεκ,1,1,26
2197,κοτέοντος,0,1,1
2198,στήθεσσι,1,0,71
2199,ἄσβεστος,0,1,8
2200,πέδιλα,1,0,16
2201,ἀντίοι,0,1,4
2202,νυμφάων,1,0,6
2203,ἔχουσ,1,0,8
2204,εἴδεται,1,1,6
2205,Τρωΐλον,1,0,1
2206,οἶδε,0,1,15
2207,ἕρδον,0,1,1
2208,ἀείρας,1,0,25
2209,τόσα,1,0,15
2210,οἶτον,1,0,11
2211,φωνήσας,4,1,83
2212,εὐξαμένοιο,0,1,6
2213,κλισίῃσι,1,0,8
2214,Ἀτρεΐδη,0,4,49
2215,φέροντες,1,0,15
2216,ἀκροτάτῃ,0,1,5
2217,Ἄϊδος,1,0,22
2218,ἔσφαξαν,0,1,3
2219,πεφιδήσεται,2,0,3
2220,ἐφετμάς,2,0,4
2221,λεχέων,2,0,5
2222,ἑτάροισιν,1,1,34
2223,Ἄργεϊ,0,1,6
2224,πόσιος,1,1,30
2225,ἀμείβετο,2,0,19
2226,οἴκαδ,1,3,45
2227,υἷος,2,0,14
2228,ἔπλετο,1,0,36
2229,ἀκέουσα,0,2,2
2230,θεά,3,9,134
2231,πρό,4,4,74
2232,πάσαντο,0,1,5
2233,ἔλιπον,1,0,2
2234,ἐπερρώσαντο,0,1,1
2235,ἀφίκοντο,2,0,7
2236,ἐλθεῖν,1,0,31
2237,αὐτήν,1,2,37
2238,σπεύσατέ,1,0,1
2239,οἵδε,1,1,17
2240,κε,12,8,302
2241,Ἀχιλεῦ,2,1,13
2242,χεύαντες,1,0,3
2243,θάψαν,1,0,1
2244,Πολίτην,1,0,1
2245,φωνήσασ,0,1,18
2246,σήμαιν,0,1,1
2247,μί,1,0,3
2248,μεσσηγύς,1,0,18
2249,ἀμυνόμενον,1,0,1
2250,καλεοίμην,0,1,2
2251,ἱστίον,0,1,2
2252,μεθέηκε,1,0,1
2253,καλήν,1,0,23
2254,φηρσίν,0,1,1
2255,ἀκούων,2,1,11
2256,ἐσσυμένως,1,0,12
2257,καλέσασ,0,1,1
2258,ὄϊν,1,0,2
2259,ἐπαγείρειν,0,1,1
2260,δοιοί,1,0,2
2261,Κλυταιμνήστρης,0,1,1
2262,οὔτέ,1,6,31
2263,πατρίδα,1,0,82
2264,Ἀτρεΐωνα,0,1,3
2265,λίμνη,1,0,2
2266,προφανέντε,1,0,3
2267,ἧπαρ,1,0,8
2268,ἧς,1,0,32
2269,Ἕκτορ,6,0,47
2270,ἀνώγει,1,0,42
2271,ὀΐεαι,0,1,1
2272,ἀπειλήσω,0,1,2
2273,ὀνίνησι,1,0,1
2274,παρελέξατο,1,0,6
2275,ἀφύσσων,0,1,2
2276,γιγνώσκω,1,0,12
2277,φυλακτῆρες,1,0,3
2278,κεκάσθαι,1,0,1
2279,εἴς,1,0,2
2280,ἀνδροτῆτά,1,0,1
2281,ἐκίδνατο,1,0,2
2282,Δαναοί,0,1,25
2283,βούλομ,0,1,3
2284,ἥμενον,0,2,10
2285,μῦθον,5,5,157
2286,κατέρυκες,1,0,1
2287,τοῦτ,0,1,13
2288,ἐφήσω,1,0,4
2289,ἐΰσκοπον,2,0,2
2290,πάθεν,1,0,3
2291,ἀμήσαντες,1,0,2
2292,ἀξέμεν,1,0,3
2293,ἑοῖσι,0,1,2
2294,ξυνήϊα,0,1,2
2295,μύθῳ,3,4,35
2296,Ὀλύμπιε,0,1,4
2297,ἀναστάς,1,1,9
2298,κλαύσας,1,0,1
2299,Ἀχαιούς,1,4,123
2300,ἔειπες,1,2,42
2301,ἀνδροφόνοιο,2,1,13
2302,βίην,0,1,17
2303,ἴδε,1,0,28
2304,ἀπούρας,0,2,10
2305,πρῆξαι,0,1,3
2306,Οὐρανίωνες,2,1,7
2307,ἐούσῃ,0,1,3
2308,στείλαντο,0,1,1
2309,ἐκέλευσεν,1,0,15
2310,ὀτρύνουσιν,1,0,1
2311,τήνδε,0,1,7
2312,κοίλην,1,0,7
2313,Τροίῃ,5,0,30
2314,Ἀπόλλωνα,0,2,10
2315,τῶν,13,6,264
2316,κήρ,0,1,4
2317,Πατρόκλου,2,0,7
2318,πείρινθα,2,0,3
2319,ἐξέταμον,0,1,5
2320,σῇσι,0,1,17
2321,κακήν,0,1,10
2322,ὄλεθρον,1,0,56
2323,μήνιε,0,1,2
2324,δίφρῳ,1,0,13
2325,κ,9,5,239
2326,Φοίβῳ,0,1,1
2327,δασμός,0,1,1
2328,μεταφρασόμεσθα,0,1,1
2329,πατήρ,5,2,114
2330,φησι,1,1,9
2331,ἀγάγῃσιν,2,0,2
2332,πυκινοῖσι,1,0,5
2333,ἕπεσθαι,1,0,13
2334,ἰδέ,2,0,31
2335,ἐπιχθόνιος,1,0,2
2336,σπεῖσον,1,0,1
2337,οὖδας,1,0,11
2338,ἐϋξέστῳ,1,0,2
2339,που,3,2,120
2340,ὄμοσσον,0,1,4
2341,ἡμιόνοις,1,0,1
2342,ἄγοντες,0,1,12
2343,Ἀγαμέμνων,1,11,101
2344,ἐλάφοιο,0,1,6
2345,τόδε,6,2,103
2346,βάτην,0,1,8
2347,φαεσίμβροτος,1,0,2
2348,μελεϊστί,1,0,3
2349,μάκαρες,3,1,19
2350,σόοι,0,1,4
2351,ἐλεήσῃ,2,0,7
2352,στήθεσσιν,0,2,56
2353,ἀπό,13,7,318
2354,ὄλεσσαν,1,0,1
2355,κέν,1,4,102
2356,τύμβον,1,0,11
2357,ὀρεσκῴοισι,0,1,1
2358,κίχεν,1,0,1
2359,γυναικῶν,1,0,50
2360,ἄμμορον,1,0,2
2361,μελαινάων,1,0,11
2362,λάχῃ,1,0,1
2363,υἱόν,11,3,170
2364,ψυχάς,1,1,11
2365,θεοῖς,1,2,30
2366,κοιμηθέντες,1,0,2
2367,ἀφέλεσθέ,0,1,1
2368,ἰδυίῃσι,0,1,5
2369,ἱερήν,0,5,8
2370,ἔκτανε,2,0,10
2371,ἐάσω,1,0,5
2372,πάρος,2,3,102
2373,Πύλῳ,0,1,7
2374,ἐφορμηθεῖεν,1,0,1
2375,δινεύεσκ,1,0,1
2376,ὀστέα,1,0,23
2377,νύκτάς,2,0,5
2378,ὕλην,1,0,23
2379,γέροντι,2,1,13
2380,ὦρτο,3,0,43
2381,τέρπετ,0,1,2
2382,χήρην,1,0,4
2383,φορέουσι,0,1,5
2384,χαλκοχιτώνων,1,1,31
2385,ἔπει,0,2,3
2386,πόλιν,1,3,94
2387,ὄρουσεν,1,0,6
2388,τιλλέσθην,1,0,1
2389,ἐΰδμητον,0,1,3
2390,λεχέεσσ,1,0,1
2391,Μοῖρα,1,0,3
2392,ἄντην,2,1,20
2393,περικαλλέας,1,0,6
2394,βιοῖο,1,1,3
2395,ἱπποδάμοιο,1,0,22
2396,σκιόεντα,0,1,15
2397,ἐρυσσάμενος,0,1,19
2398,ἧστο,0,1,15
2399,ἰόν,0,1,7
2400,ἐπέοικε,0,1,5
2401,ἐπέλθῃσιν,1,0,1
2402,ἑταίρῳ,0,1,9
2403,αὐτῇ,1,1,40
2404,τέο,1,0,3
2405,προέρεσσαν,0,1,1
2406,ἀμβρόσιαι,0,1,1
2407,βοῶπις,0,2,17
2408,δείδιε,1,0,3
2409,Ἑλλήσποντος,1,0,2
2410,ἀνάσχεο,0,1,3
2411,Δαναοῖσι,0,2,39
2412,ἀφνειοῦ,1,0,3
2413,εὗδον,1,0,9
2414,εἰσι,1,0,28
2415,ἐών,3,3,104
2416,ἀνάγοντο,0,1,2
2417,Χρύση,0,1,1
2418,ἐμάχοντο,0,1,12
2419,χρειώ,0,1,10
2420,πυκινή,1,0,1
2421,ἔτρεφον,0,1,3
2422,εἰδέω,0,1,2
2423,βαθεῖαν,0,1,7
2424,δηΐοισιν,1,0,3
2425,εἰσιν,0,2,22
2426,νυ,3,1,35
2427,ἐσθλοί,1,0,19
2428,τόσσ,1,0,2
2429,τοίχου,1,0,3
2430,δίῳ,1,0,19
2431,κουλεόν,0,1,4
2432,μάστιγι,1,0,10
2433,πάμπαν,1,1,37
2434,σκοποί,1,0,3
2435,ἅσσ,0,1,4
2436,ὕπνος,2,1,43
2437,σίτου,5,0,20
2438,ἠελίῳ,0,1,10
2439,φοιτᾷ,1,0,1
2440,μῆνιν,0,2,12
2441,φίλου,1,0,11
2442,ἐχώσατο,0,1,3
2443,ἠτίμασεν,0,1,1
2444,ὑπέρ,2,1,68
2445,εὗρεν,0,1,11
2446,κατακτείνειεν,1,0,2
2447,ἀνάγκη,1,0,6
2448,εἴξας,1,0,3
2449,πατρί,4,4,62
2450,ὁρᾶται,1,0,1
2451,ἀγορήσατο,0,2,24
2452,ἐλεαίρει,1,0,5
2453,ὑγρά,0,1,5
2454,ἀφνειός,1,0,9
2455,τήνδ,0,1,5
2456,δεξιτερήν,1,0,6
2457,Τρῶες,3,1,131
2458,κεφαλῇ,1,2,23
2459,ἐναντίον,0,1,17
2460,ὀλέσαντες,1,0,5
2461,Τροίην,2,1,27
2462,Ὀλύμπιοι,0,1,2
2463,οἷον,2,1,45
2464,Ἠώς,2,1,42
2465,κολεοῖο,0,1,2
2466,δυσμενέες,1,0,6
2467,ταμίην,1,0,4
2468,καί,171,117,5282
2469,νέκταρ,0,1,6
2470,Πρίαμ,1,0,1
2471,γένετο,1,0,16
2472,πρόσφατος,1,0,1
2473,ἐπιρρήσσεσκον,1,0,1
2474,ὁππότε,0,1,43
2475,ὤριστος,1,0,9
2476,τιμῇ,0,1,3
2477,ἔχουσαι,1,0,11
2478,μᾶλλον,3,1,70
2479,ἦεν,1,1,97
2480,Κασσάνδρη,1,0,1
2481,λάχον,1,0,1
2482,ἀργεϊφόντης,8,0,20
2483,ποδός,0,1,17
2484,κρείσσων,0,1,14
2485,δώρων,3,0,10
2486,ἀνέμοιο,1,0,22
2487,τάχα,2,0,65
2488,υἱέες,1,0,13
2489,ἀλαπαζομένην,1,0,1
2490,μηρούς,0,1,6
2491,ἄριστος,0,2,42
2492,πτολέμους,1,0,4
2493,λελεῖφθαι,2,0,2
2494,βαθυκόλπων,1,0,2
2495,τούς,8,2,189
2496,ἐλαίῳ,1,0,19
2497,ὅρκον,0,1,26
2498,μερόπων,0,1,9
2499,χρυσῇ,1,0,2
2500,αἴτιοί,0,1,3
2501,ἐϋξέστης,1,0,1
2502,ἔκ,2,3,77
2503,τράπεζα,1,0,4
2504,δουρί,0,1,134
2505,ἑταῖρον,1,0,29
2506,ῥηΐτεροι,1,0,2
2507,ἐκέκαστο,1,0,8
2508,παῖδες,4,1,39
2509,ὄλωλε,1,0,4
2510,ὕβριος,0,1,1
2511,χαλκῷ,2,0,125
2512,κυανέῃσιν,0,1,3
2513,Οὔλυμπον,1,3,11
2514,λευκωλένῳ,0,1,3
2515,τερπικέραυνος,1,0,5
2516,ἐρρώσαντο,1,0,3
2517,ᾕρει,1,0,12
2518,ἀνθρώπους,2,0,36
2519,τλητόν,1,0,1
2520,βοῦς,0,1,30
2521,αἰθούσης,2,0,6
2522,μήνι,0,1,2
2523,κελοίμην,1,0,3
2524,παλίλλογα,0,1,1
2525,τελέσσῃ,0,1,3
2526,τέκε,0,1,39
2527,ἐξείρετο,1,0,4
2528,ὀλοῷ,2,0,3
2529,ὄσσε,1,2,57
2530,φέρτερός,0,2,8
2531,εἴσομαι,1,0,5
2532,Ἀλεξάνδρου,1,0,3
2533,Θεστορίδης,0,1,1
2534,ἐγών,1,2,150
2535,γέροντος,6,2,28
2536,κούρῃ,1,0,24
2537,ἐριούνιος,3,0,4
2538,ἄν,8,8,311
2539,παιδοφόνοιο,1,0,1
2540,εὔχεται,0,1,17
2541,ἀλόχου,0,1,8
2542,λῦσαν,0,1,5
2543,ᾔδη,0,1,20
2544,ἀνεκτά,0,1,2
2545,κόπρον,1,0,3
2546,δώματα,1,1,49
2547,ἐτελείετο,0,1,2
2548,ἀγγελέουσα,2,0,7
2549,ὤρεξε,1,0,2
2550,δή,35,25,965
2551,κέατο,1,0,2
2552,μείλιχος,1,0,2
2553,μεμνημένον,1,0,1
2554,ἄλγεσι,1,0,10
2555,κεχαροίατο,0,1,1
2556,ἴτην,0,1,3
2557,δεκάτῃ,2,1,8
2558,στενάχων,0,1,11
2559,προπρηνέα,1,0,2
2560,μεῖναι,0,1,14
2561,ὄπτησάν,1,0,2
2562,ἐμέθεν,1,1,18
2563,λείψαντε,1,0,2
2564,πρήσσωμεν,1,0,3
2565,ἄγαγ,1,0,1
2566,λοιγόν,1,5,20
2567,κλυτοῦ,1,0,1
2568,φύγοιμεν,0,1,5
2569,ἐπιείκελον,0,1,3
2570,γυνή,2,1,35
2571,ἀγχίμολον,1,0,15
2572,φεῦγε,0,1,2
2573,παρέστη,1,0,10
2574,ἱστία,0,2,22
2575,ἔνθά,1,1,40
2576,λεῖβε,1,1,4
2577,λιασθείς,0,1,6
2578,χθονί,0,1,34
2579,ποθή,0,1,9
2580,καταλείπετε,1,0,1
2581,μεγάλοισι,1,0,2
2582,νέας,0,1,16
2583,βῆσε,0,1,2
2584,πορφύρε,1,0,3
2585,χαλκός,0,1,42
2586,φύλλά,0,1,1
2587,ἦσαν,2,0,70
2588,τοσσάδ,1,0,2
2589,βάλλ,0,1,3
2590,Ἕκτορος,7,1,51
2591,πέλασαν,0,1,4
2592,ὠδύροντο,1,0,1
2593,ὕπαγον,1,0,2
2594,Θρῇκες,1,0,1
2595,κίεν,1,1,11
2596,ἀντί,1,0,12
2597,βηλοῦ,0,1,2
2598,οἴκῳ,0,1,55
2599,ἐριδαίνετον,0,1,2
2600,ἔσοντ,0,1,1
2601,εὗδε,1,0,8
2602,κέλῃ,1,0,1
2603,μέλει,1,0,8
2604,διέπουσ,0,1,1
2605,ἠρᾶθ,0,1,2
2606,μεμνῄμην,1,0,1
2607,εἰσορόωντας,1,0,3
2608,κάππεσον,0,1,4
2609,φίλτερον,1,0,3
2610,Πάμμονά,1,0,1
2611,ἔμελλε,1,0,20
2612,ἀφύξειν,0,1,1
2613,πρῶτα,0,4,63
2614,βίῃ,1,1,22
2615,οὐ,17,16,538
2616,καθήμενοι,2,0,11
2617,Κάλχαντα,0,1,1
2618,βῆ,3,3,139
2619,ἐμεῦ,1,3,26
2620,ἐδέξατο,1,1,15
2621,θήσατο,1,0,1
2622,κώπῃ,0,1,1
2623,ἄγοι,2,0,3
2624,ἕταρ,1,0,1
2625,ἔασι,1,0,14
2626,ἥατο,1,0,6
2627,δῖα,2,0,60
2628,τέτυκται,2,0,25
2629,ἀπερείσι,3,2,11
2630,μήτ,2,0,12
2631,ἑάων,1,0,3
2632,περικλυτός,0,1,14
2633,ἐφέπων,1,0,2
2634,ἑτάρου,1,0,1
2635,Χρύσης,0,2,2
2636,εἰσελθών,2,0,5
2637,ὁμογάστριον,1,0,1
2638,θάρσησε,0,1,1
2639,ὑπέδεισαν,0,1,1
2640,δῶκε,0,1,51
2641,ἔμμορε,0,1,4
2642,ἄγχ,1,0,7
2643,Ἀγαμέμνονα,0,1,17
2644,ἐΐσας,0,1,11
2645,οὕτω,1,1,63
2646,ἔειπεν,2,0,51
2647,οἰωνοῖσί,0,1,1
2648,ἐπίηρα,0,2,2
2649,ὀπίσσω,0,1,53
2650,ἡνία,1,0,27
2651,γιγνομένῳ,1,0,3
2652,ἥρως,2,1,50
2653,ὤμων,0,1,31
2654,βουλάς,1,2,22
2655,λίνῳ,1,0,5
2656,φίλη,1,1,34
2657,ἠΰκομος,1,1,3
2658,ἐρύκω,1,0,1
2659,εἶσ,1,0,5
2660,μελέτω,2,0,7
2661,ταῦτ,0,2,21
2662,κασίγνητον,1,0,5
2663,ἔξεσσι,2,0,2
2664,ὀρινθείη,1,0,1
2665,εἶδος,1,0,32
2666,ἐστρέφετ,1,0,1
2667,ἔσεσθε,1,0,2
2668,μίσγεσθ,2,0,2
2669,Ἀχαιοί,4,11,200
2670,ὀβελοῖσιν,1,1,11
2671,Ἑκάβη,2,0,5
2672,εἰδήσειν,0,1,1
2673,μόρφνον,1,0,1
2674,λῦτο,1,0,1
2675,πολυβενθέος,0,1,5
2676,ἔχοιμι,1,0,2
2677,κακόν,6,1,141
2678,μίμνεν,1,0,2
2679,κακή,1,0,13
2680,ἔπεσιν,0,3,6
2681,ὀσσομένη,1,0,2
2682,σφῶϊν,0,1,14
2683,αἷμα,1,1,47
2684,ἅπαντες,1,1,22
2685,ἀμμίξας,1,0,1
2686,μετόπισθε,3,0,17
2687,μήν,1,1,10
2688,ἐμαί,0,1,2
2689,ἀναθηλήσει,0,1,1
2690,κακοῖο,0,1,2
2691,προύθηκεν,1,0,1
2692,πρόχοόν,1,0,1
2693,ἀνασχών,0,1,11
2694,οὕτως,0,1,34
2695,ἵνα,5,4,130
2696,χωόμενος,2,3,17
2697,Πριάμοιό,0,1,5
2698,ἕτερος,1,0,3
2699,βαρείας,0,1,2
2700,ἐσκίδναντο,0,1,4
2701,εὐνῆς,1,0,20
2702,ὁρᾶν,1,0,3
2703,λαχνήεντ,1,0,1
2704,ἕλκεσθαι,1,0,2
2705,φαινομένηφιν,1,0,6
2706,εἰσίν,2,0,23
2707,πλεόνεσσιν,0,1,3
2708,ἐϋκνήμιδες,1,1,17
2709,οὐκ,7,7,375
2710,νεῖκος,1,0,29
2711,ἔδησαν,1,2,8
2712,ἀνδρός,7,0,58
2713,ἐκπέρσαι,0,1,3
2714,κῦμα,1,3,64
2715,ἐμπεφυυῖα,0,1,1
2716,μάχῃ,1,1,17
2717,ἀριστήεσσιν,0,1,5
2718,ἄμαξαν,6,0,11
2719,ἀργυρόπεζα,2,2,12
2720,ἑέ,1,0,2
2721,ἐρέθῃσιν,0,1,1
2722,γούνατ,1,0,31
2723,Πηλεΐδης,1,3,24
2724,ἄγαγον,1,0,3
2725,ᾗσι,1,0,17
2726,ἀπονοστήσειν,0,1,6
2727,ὁδοῖο,1,0,14
2728,κάκ,1,2,27
2729,οἴκοιο,1,0,4
2730,δέξαι,3,0,7
2731,ἀτιμοτάτη,0,1,1
2732,αὐτίκα,2,2,108
2733,ἐκάλυψαν,0,1,4
2734,σκαιῇ,0,1,3
2735,ἐστε,1,0,5
2736,ἔνθορε,1,0,2
2737,οἰήκεσσιν,1,0,1
2738,χόλοιο,0,1,5
2739,ἐμβαλέειν,1,0,5
2740,ἔβαλον,1,1,12
2741,πασάμην,1,0,2
2742,φανήῃ,1,0,5
2743,ἔχον,1,1,65
2744,ἐπιγνάμψασα,0,1,1
2745,Αἴαντος,0,1,25
2746,μεγάλην,2,0,17
2747,ἐσσόμενα,0,1,1
2748,σοῖο,1,0,4
2749,ἔω,0,1,2
2750,μέδοντο,1,0,1
2751,ἐφῆκεν,0,1,4
2752,πέμψον,2,0,5
2753,ὠκύμορος,0,1,2
2754,καλέουσιν,1,0,5
2755,σοῖσι,0,1,8
2756,Ἀχιλλῆϊ,6,1,11
2757,ἀγήνορι,1,0,2
2758,ἔβην,1,0,2
2759,ἐκπέμπεις,1,0,1
2760,ἰδεῖν,1,0,4
2761,σῆμα,4,0,29
2762,κλυτόν,1,0,18
2763,ἐοῦσα,1,0,9
2764,ὕβριν,0,1,12
2765,ἐντυπάς,1,0,1
2766,ὤ,2,2,79
2767,πέφνεν,1,0,2
2768,πολλάς,0,1,14
2769,ἄνωγας,1,0,6
2770,ἔλεψε,0,1,1
2771,χέρηϊ,0,1,1
2772,κήρυκε,0,1,2
2773,ἐπένησε,1,0,2
2774,ἤγαγε,1,0,13
2775,εἰσάγαγον,1,0,2
2776,κύδιστε,1,1,18
2777,διείρεο,0,1,2
2778,Ἥφαιστον,0,1,7
2779,φυήν,0,1,10
2780,ἀναστήσειεν,0,1,1
2781,ἀνέλοντο,0,1,3
2782,Πατρόκλεες,0,1,13
2783,ἀλεγίζω,0,1,3
2784,Ἑλλήσποντον,1,0,7
2785,ἤθελε,1,0,23
2786,κοίλῃς,0,1,11
2787,ἄφθιτα,1,0,2
2788,ὑπόσχεο,0,1,1
2789,Τενέδοιό,0,2,2
2790,οἷσιν,2,0,23
2791,ἐῴκει,2,0,12
2792,ἐπαρξάμενοι,0,1,4
2793,εὗρ,2,0,14
2794,πολυάϊκος,0,1,2
2795,μέλεσσι,1,0,4
2796,ἐξίκετο,1,0,3
2797,μελάντερον,1,0,2
2798,κότον,0,1,6
2799,γεραίτερος,2,0,4
2800,Πηλείδη,0,1,1
2801,Ἀτρεΐδαο,0,1,26
2802,πείθεσθαι,0,1,5
2803,ἐπέπλεον,0,1,3
2804,ἀπόειπ,0,1,1
2805,οἷός,1,0,10
2806,σ,10,4,162
2807,ἔτλην,1,0,5
2808,ἀστυβοώτην,1,0,1
2809,καλῇ,0,1,18
2810,κατανεύσομαι,0,1,1
2811,πανδαμάτωρ,1,0,2
2812,θεᾶς,1,0,12
2813,ζωός,1,0,18
2814,πεπαρμένον,0,1,2
2815,ἀγκάς,1,0,6
2816,αἰγιόχοιο,0,2,50
2817,δηθύνοντ,0,1,1
2818,ἔνισπες,1,0,1
2819,ἐπέθηκεν,1,0,1
2820,πολλή,1,0,12
2821,ἔθελον,0,1,9
2822,υἱέος,1,0,6
2823,σκηπτοῦχος,0,1,3
2824,ὀδυράμενος,1,0,1
2825,ὁπλίσαι,1,0,1
2826,ὀΐομαι,0,1,20
2827,οἴκοι,1,1,7
2828,τελείων,1,1,2
2829,ἐμῆς,1,0,22
2830,πυρήν,1,0,9
2831,ξυνέηκε,0,1,5
2832,ἴδον,0,2,59
2833,οἴχονθ,1,0,1
2834,προσεφώνεον,0,1,3
2835,γῆρας,0,1,17
2836,ἄτη,1,0,3
2837,πραπίδων,1,0,5
2838,ἔσσεται,3,4,61
2839,ὅ,25,37,910
2840,τάφρον,1,0,19
2841,ὤφελλον,1,0,2
2842,Ἴδηθεν,1,0,7
2843,ἀνέρες,1,0,41
2844,χόρτοισι,1,0,1
2845,ἐστιν,2,4,64
2846,ὅσσος,1,0,2
2847,βάσκ,2,0,6
2848,δαΐ,1,0,3
2849,νέκυι,1,0,3
2850,τέκον,3,1,7
2851,μεδώμεθα,1,0,4
2852,ἀκούομεν,1,0,3
2853,μιν,24,17,644
2854,ἑκυρή,1,0,1
2855,φέρω,1,0,3
2856,παραιφάμενος,1,0,1
2857,τῆ,1,0,7
2858,παιδός,3,3,34
2859,Πρίαμε,2,0,2
2860,τάς,2,0,51
2861,ἔξελε,1,0,3
2862,χερείων,0,1,3
2863,κήρυκα,2,0,12
2864,ὅττί,2,1,19
2865,αἰέν,2,2,71
2866,ἔχεις,1,0,9
2867,Δία,0,3,11
2868,σαῶσαι,1,0,2
2869,οὖν,3,1,85
2870,οὔλας,1,0,8
2871,χρυσόθρονος,0,1,11
2872,μαντεύεσθαι,0,1,3
2873,χιτῶνα,2,0,30
2874,λισσομένη,0,1,7
2875,κεχαρισμένα,1,0,5
2876,ἐντύνοντο,1,0,3
2877,κατεστόρεσαν,1,0,1
2878,νοῦσον,0,1,2
2879,ποτοῖο,0,1,5
2880,θανόντος,1,0,12
2881,ἀμφιγυήεις,0,1,11
2882,χολωσέμεν,0,1,1
2883,πεζός,1,0,12
2884,αὐχένι,1,0,3
2885,δῖον,8,0,66
2886,ἦμαρ,2,2,82
2887,ὁδόν,0,1,43
2888,θνῄσκων,1,0,2
2889,ἀπιθήσω,1,0,1
2890,ἐκτός,1,0,20
2891,εἴσατο,1,0,13
2892,φόβου,1,0,3
2893,κοσμήτορε,0,2,3
2894,ὁρόωντες,1,0,5
2895,βούλομαι,1,1,3
2896,ἀγανοῖς,1,0,9
2897,στοναχῇ,1,0,3
2898,αὖτις,3,6,128
2899,διαστήτην,0,1,2
2900,αὖθ,1,1,36
2901,ἐξαύδα,0,1,3
2902,πρυμνήσι,0,1,6
2903,βαρεῖαν,0,1,4
2904,κλισίας,0,3,19
2905,ἡμετεράων,1,0,2
2906,ἐλεαίρων,1,0,4
2907,ὄμματα,1,0,10
2908,λῦσαι,1,0,7
2909,ἀλίτηται,1,0,2
2910,ῥυστάζεσκεν,1,0,1
2911,γέγωνέ,1,0,2
2912,δόσαν,2,3,19
2913,εἴσειμι,1,0,2
2914,τέως,1,0,3
2915,βεβήκει,0,1,27
2916,πίθεσθ,0,1,1
2917,χαριεστάτη,1,0,2
2918,ἕλκον,1,0,6
2919,ἕλκετο,0,1,5
2920,ὀτρύνεσκον,1,0,1
2921,ῥέξαι,0,1,6
2922,Τρώων,3,3,214
2923,μάντις,0,2,8
2924,παιπαλοέσσης,1,0,6
2925,νηυσίν,3,3,94
2926,ὕπνον,1,0,20
2927,λέβητας,1,0,6
2928,ὠμηστής,1,0,1
2929,ἄντα,1,0,34
2930,ἦρχ,0,1,21
2931,ἄποινα,8,7,26
2932,ἕταροί,1,0,2
2933,βήσομεν,0,1,1
2934,εἰλήλουθας,0,1,10
2935,ἅπαντας,1,0,12
2936,ὀτρηρώ,0,1,1
2937,ὠφέλετ,1,0,1
2938,Ἕκτορά,2,0,4
2939,ἵκετο,1,1,37
2940,Φθίῃ,0,1,1
2941,ποταμῷ,1,0,15
2942,πυραί,0,1,1
2943,Σάμου,1,0,2
2944,ἀνθρώπων,0,3,95
2945,μεγαλήτορι,2,0,12
2946,ἄγοιτο,1,0,3
2947,ἵπποι,1,0,89
2948,ἐπεστέψαντο,0,1,5
2949,μέλποντες,0,1,1
2950,μέγιστον,2,1,11
2951,εἶμι,2,2,20
2952,πιοῦσα,1,0,1
2953,ἄειδον,0,1,1
2954,ὁμήν,1,0,3
2955,ποθ,2,1,10
2956,θέμις,1,0,21
2957,ἄνδρα,0,1,83
2958,ἤκουσεν,0,1,1
2959,ἐκέλευε,1,0,7
2960,φυλάσσων,1,0,1
2961,Πύλου,0,1,13
2962,γαίων,0,1,4
2963,ποθι,2,1,19
2964,χέουσα,2,1,9
2965,ἀργούς,0,1,1
2966,ἀοιδούς,1,0,1
2967,αὖτέ,0,1,8
2968,Λητοῖ,1,0,3
2969,ἐρείομεν,0,1,1
2970,κέρας,1,0,3
2971,φίλτατόν,1,0,1
2972,ὅττι,1,1,52
2973,Ταλθύβιόν,0,1,1
2974,ἄγοντα,1,0,4
2975,θάμβησαν,1,0,3
2976,αἰδομένω,0,1,1
2977,κλῦθί,0,2,7
2978,εὐεργής,1,0,2
2979,ἱερῆες,1,0,1
2980,Οὐλύμποιο,2,2,24
2981,ξανθῆς,0,1,1
2982,καλέσαντο,0,1,1
2983,πείσεις,2,1,7
2984,κρείων,0,5,55
2985,ζυγόφιν,1,0,1
2986,ἐπηπείλησ,0,1,1
2987,λάθοι,1,0,3
2988,ἔκλε,1,0,1
2989,τοὔνεκά,0,1,8
2990,στῆ,4,1,78
2991,εἰποῦσ,1,0,18
2992,δαέρων,2,0,2
2993,εἶξαν,1,0,2
2994,ἴψαο,0,1,2
2995,μένεος,0,1,8
2996,μοῦνος,1,0,14
2997,Ἄρηος,1,0,34
2998,τραπέζῃ,1,0,5
2999,βουλέων,0,1,2
3000,πτόλεϊ,1,0,1
3001,ἀπόστιχε,0,1,1
3002,μέλλει,1,1,7
3003,ἔτισεν,0,2,3
3004,ἤματα,2,0,54
3005,ὀχθήσας,0,1,27
3006,οὐδέν,1,2,19
3007,ὁρμαίνοντ,1,0,1
3008,ἔτλη,0,1,18
3009,ἐγένοντο,1,1,36
3010,μένων,0,1,14
3011,γυίων,1,0,3
3012,δῆσαι,1,0,1
3013,λελειμμένοι,1,0,1
3014,ἐκπέμψειε,1,0,1
3015,μιμνησκόμενος,1,0,1
3016,ὅσοι,0,1,26
3017,μνησάμενος,1,0,2
3018,ποθέων,1,0,2
3019,θνητός,1,0,8
3020,εὑ,2,0,6
3021,χαίρετε,0,1,2
3022,ἰόνθ,0,1,1
3023,γόοιο,6,0,27
3024,γλώσσης,0,1,1
3025,αἰδώς,1,0,11
3026,κέλεαί,0,1,1
3027,ἀπριάτην,0,1,2
3028,ἰῆς,1,0,2
3029,δάος,1,0,5
3030,ἔμοιγε,0,2,8
3031,τόσσον,1,1,36
3032,ἥδε,1,0,26
3033,ξείνους,1,0,13
3034,νήπιος,1,0,26
3035,φρένα,0,3,46
3036,νημερτές,0,1,12
3037,κλισίην,6,2,31
3038,δεδμημένοι,1,0,5
3039,ἑκατηβόλου,0,1,4
3040,ἐσθλῆς,0,1,3
3041,κρατερόν,0,3,27
3042,παλάμῃς,0,1,1
3043,κακῶν,2,1,19
3044,λάβῃ,1,0,2
3045,θρήνων,1,0,1
3046,προτιάπτω,1,0,1
3047,ἀτρυγέτοιο,1,2,10
3048,βέλεσσιν,1,1,3
3049,ἄνεμος,0,1,18
3050,περιναιέται,1,0,1
3051,ἰσάσκετο,1,0,1
3052,ἐφάνη,1,0,6
3053,ἰθύς,1,0,44
3054,Μενελάῳ,0,1,18
3055,τοῖος,2,0,30
3056,ἠμείβετ,6,5,72
3057,ἐχθοδοπῆσαι,0,1,1
3058,ὑπεροπλίῃσι,0,1,1
3059,ἐπεβήσετο,1,0,7
3060,μεταξύ,0,1,1
3061,ἀμειλίχου,1,0,1
3062,τρητοῖς,1,0,3
3063,ἄφενος,0,1,3
3064,εὗρον,1,1,16
3065,εἵνεχ,1,0,1
3066,γένοντο,0,1,13
3067,αὐτούς,1,1,41
3068,ξίφος,0,3,42
3069,ἔσεταί,0,1,3
3070,κανέοισιν,1,0,5
3071,ἐμός,3,0,34
3072,ὦσε,0,1,15
3073,κληῗδα,1,0,5
3074,καθάπτεσθαι,0,1,1
3075,καθύπερθε,1,0,7
3076,πόλει,1,0,13
3077,ἔθεεν,0,1,3
3078,πλοῦτον,0,1,2
3079,πάντῃ,1,1,27
3080,ἔπλετ,0,1,2
3081,ἐπήν,4,0,45
3082,εἴδομεν,0,1,7
3083,ἄριστοι,1,0,66
3084,Ἑκτορέης,2,0,2
3085,σῖτον,1,0,32
3086,τίμησας,0,1,2
3087,ὑψόροφον,1,0,7
3088,ἀσύφηλον,1,0,2
3089,ἐϋξέστῃ,1,0,2
3090,ὄφρ,0,6,137
3091,βουλεύσαντε,0,1,2
3092,παλλόμενος,1,0,1
3093,χθιζός,0,1,6
3094,φέρειν,0,1,12
3095,χθόνα,2,0,16
3096,μηκέτι,1,0,18
3097,πέρην,1,0,3
3098,πότνια,2,3,66
3099,τοῖσι,5,5,142
3100,ἀρῆξαι,0,1,1
3101,αἰνότατε,0,1,6
3102,Θήβην,0,1,3
3103,κατανεύσω,0,1,1
3104,ἔφαθ,3,0,107
3105,προπάροιθε,1,0,40
3106,βροτοῖσιν,1,0,18
3107,κατέκτα,1,0,7
3108,ἐΰννητόν,1,0,1
3109,λέλοιπεν,0,1,3
3110,κατακτείνας,1,0,4
3111,τεθνάμεναι,1,0,1
3112,νόσφιν,1,1,26
3113,σοῦ,1,0,4
3114,ἠελίοιο,1,1,27
3115,παύσουσα,0,1,1
3116,κλισίης,1,1,14
3117,ἐπιεικές,0,1,8
3118,θαύμαζ,1,0,1
3119,ἔφη,0,1,24
3120,ἀγχοῦ,2,0,28
3121,δώματ,2,2,52
3122,ἰδοῦσ,0,1,3
3123,ἐφύπερθε,1,0,7
3124,ἡρώων,0,1,16
3125,δέδασται,0,1,3
3126,γλυκύ,0,1,1
3127,ποδάρκης,1,1,21
3128,γαλόων,1,0,3
3129,ἠγνοίησεν,0,1,4
3130,ἀπῶσεν,1,0,2
3131,ἔχων,3,5,89
3132,ἠΰτ,0,1,2
3133,ἐϋξέστου,1,0,3
3134,βυσσόν,1,0,1
3135,τετελεσμένος,0,1,1
3136,γυναικί,1,0,14
3137,εἴρεαι,1,0,4
3138,εἴπῃ,1,1,12
3139,ἥμενοι,1,0,9
3140,μέσῳ,1,0,13
3141,πύλας,1,0,24
3142,ταύρων,0,2,5
3143,ἔνθα,3,3,284
3144,ὅς,23,12,602
3145,ἀνέστησεν,1,0,1
3146,κεῖσ,1,0,12
3147,θανάτοιό,2,0,2
3148,λιτανεύσομεν,1,0,1
3149,Κρονίωνι,1,2,16
3150,ψεῦδός,1,0,2
3151,ἀποδάσσομαι,1,0,2
3152,ἀθανάτοις,1,0,4
3153,ὁμηγερέες,3,1,9
3154,τέκνον,1,2,38
3155,γούνατα,2,0,12
3156,κατακείμενος,1,0,2
3157,γλυκεροῦ,1,0,1
3158,ἀνέβη,0,1,1
3159,μέσσῃς,1,0,1
3160,θοήν,2,1,36
3161,τάρβει,1,0,4
3162,ταμών,1,0,4
3163,κατεβήσετο,1,0,7
3164,πάρα,2,0,32
3165,σφάξ,1,0,1
3166,ᾦξε,1,0,1
3167,ἀΐξας,1,0,10
3168,κλαίοισθα,1,0,1
3169,μύσαν,1,0,1
3170,Μενοιτιάδῃ,0,1,4
3171,καλέει,1,0,3
3172,ζώοντος,1,0,6
3173,καῖε,0,1,4
3174,εἷσαν,2,0,7
3175,πως,2,2,72
3176,ὑψηλοῖσι,1,0,5
3177,ἕποντο,2,1,67
3178,κέατ,1,0,2
3179,κατθάψαι,1,0,1
3180,Ἀλέξανδρος,1,0,22
3181,ἐποτρύνουσα,1,0,3
3182,πολυδάκρυτος,1,0,1
3183,ἱκοίμην,1,0,6
3184,πρῶται,1,0,4
3185,λίπετ,1,0,4
3186,ἡμετέρῳ,0,1,7
3187,κλαυθμοῖο,1,0,4
3188,λισσόμενος,1,0,10
3189,πεμπώβολα,0,1,2
3190,ἀποαιρεῖσθαι,0,1,1
3191,πεσόντα,0,1,12
3192,ὀνοσσάμενος,1,0,1
3193,ἑθέν,0,1,1
3194,γνώωσι,1,1,4
3195,ἐκνοστήσαντι,1,0,2
3196,ζυγόν,2,0,20
3197,κῆλα,0,2,3
3198,τοίους,0,1,2
3199,ἔρχεται,1,1,12
3200,κελαινόν,0,1,12
3201,ἀοιδήν,1,0,13
3202,ᾗ,1,0,42
3203,ὀπηδεῖ,1,0,7
3204,αἰδεῖο,1,0,2
3205,ἑκατόγχειρον,0,1,1
3206,ὁππότ,0,1,17
3207,ἀμφίς,1,0,41
3208,πάτερ,2,1,66
3209,ἐναίσιμοι,1,0,4
3210,μετηύδα,2,0,23
3211,ἀμφιβέβηκας,0,2,2
3212,Ὀλύμπῳ,0,1,7
3213,κάλεσσα,1,0,1
3214,αἴθωνας,1,0,4
3215,οἰμωγῇ,1,0,2
3216,ταφών,1,0,7
3217,χαίρῃς,0,1,2
3218,ἰοχέαιρα,1,0,11
3219,ἤπιος,2,0,11
3220,ἐλθών,1,2,74
3221,ἁλίοιο,1,2,8
3222,ὀχῆα,1,0,4
3223,φιλέουσά,0,2,4
3224,δωδεκάτῃ,0,1,1
3225,ὄφρά,5,0,25
3226,ἐλεήσει,1,0,2
3227,πέζῃ,1,0,1
3228,ἑόν,2,1,30
3229,αἰνῶς,2,1,31
3230,δαΐφρων,1,0,5
3231,κάπετον,1,0,2
3232,ἵκωμαι,0,1,9
3233,βόας,1,0,14
3234,δῶρ,1,1,11
3235,θῆκαν,1,0,4
3236,τηλόθεν,0,1,16
3237,ὕπερθε,1,0,14
3238,οὗ,5,2,45
3239,μετοχλίσσειε,1,0,1
3240,γαίης,0,1,49
3241,καρπόν,0,1,11
3242,Μυσοί,1,0,2
3243,ἀπέεργεν,1,0,1
3244,ἦρχε,2,1,56
3245,κήδων,1,0,1
3246,μά,0,2,4
3247,θεῷ,0,3,18
3248,ἀναιδείην,0,1,2
3249,βαίην,1,0,1
3250,ποδώκεϊ,1,0,2
3251,φρονέων,0,2,36
3252,ποσσίν,1,0,20
3253,πάντα,7,4,255
3254,ἀπόναιο,1,0,1
3255,μέτα,1,0,8
3256,σοῖς,1,1,6
3257,ἠριγένεια,1,1,24
3258,μακρόν,2,1,52
3259,οἷα,1,0,13
3260,χρόνον,1,0,29
3261,ἐσέδρακον,1,0,1
3262,δίδωσι,1,0,4
3263,ἄλλοισι,0,1,12
3264,χώσεται,0,1,1
3265,θεσπεσίοιο,0,1,5
3266,ἔτι,5,4,220
3267,λήθω,0,1,4
3268,ἀτάρ,3,2,131
3269,ὄλοντο,1,0,16
3270,κακά,2,0,125
3271,ἄλλον,2,0,72
3272,ἀρίστους,2,0,28
3273,ὄλβῳ,1,0,3
3274,λευκώλενος,2,4,30
3275,ἔτλητε,1,0,1
3276,στενάχω,1,0,1
3277,κειμένῳ,1,0,1
3278,αὐτίχ,0,1,3
3279,Παλλάς,0,1,50
3280,ἦέ,1,0,18
3281,εἰπεῖν,0,1,17
3282,ἄλλοις,1,1,12
3283,καίοντο,0,1,2
3284,καλοῖς,1,0,3
3285,λέγοντο,1,0,2
3286,νῆα,0,3,112
3287,ἠμείβετο,0,1,6
3288,ἴτ,0,1,1
3289,ἐπερχόμενον,0,1,7
3290,δίφρου,3,0,19
3291,ἀνάβλησις,1,0,2
3292,πάντες,6,8,214
3293,ἐπῴχετο,0,2,9
3294,δῆσαν,1,0,4
3295,ἄτερ,0,1,13
3296,φθεγξαμένη,1,0,1
3297,ἀειράσας,1,0,1
3298,κεχολωμένον,0,1,3
3299,ἀγείρομεν,0,1,2
3300,χραισμεῖν,0,2,5
3301,ἕρματα,0,1,4
3302,ἔχ,0,1,15
3303,καλλιπαρῄῳ,1,0,2
3304,Κάλχαν,0,1,1
3305,ὅμιλος,1,0,4
3306,παύσειεν,0,1,1
3307,πραπίδεσσι,0,1,4
3308,αἰδέσεται,1,0,3
3309,ἐσθλόν,1,1,59
3310,δύνανται,1,0,6
3311,τῶνδ,2,0,6
3312,δινήεντος,1,0,6
3313,ἀνθερεῶνος,0,1,2
3314,χρυσείῃ,1,0,10
3315,χρυσέῳ,1,2,9
3316,νεμεσσηθέωμέν,1,0,1
3317,μάλιστα,2,3,90
3318,μαλακῷ,1,0,3
3319,πένθος,3,2,30
3320,ἐξαῦτις,0,1,11
3321,ᾗσιν,0,1,19
3322,δόμου,1,0,13
3323,παρέστηκεν,1,0,2
3324,ἐλεύσεται,0,1,15
3325,ἵκανε,1,0,23
3326,ὕπνῳ,2,0,16
3327,κούρῳ,1,0,1
3328,Σιπύλῳ,1,0,1
3329,ἐπιβλής,1,0,1
3330,στόρεσαν,1,0,6
3331,πέσσω,1,0,1
3332,ἶφι,0,3,17
3333,ἔμ,1,3,35
3334,κρυεροῖο,1,0,4
3335,ἐπέτελλε,1,0,14
3336,ἄγγελός,2,0,5
3337,γένοιτο,1,0,34
3338,τελειότατον,1,0,2
3339,δείλ,1,0,7
3340,ἄρσαντες,0,1,1
3341,δήν,0,2,40
3342,ἔγωγε,1,3,32
3343,σε,7,9,277
3344,ἔοικε,0,1,23
3345,παράφημι,0,1,1
3346,σιδήρειόν,2,0,2
3347,κλυτοτέχνης,0,1,1
3348,ξύνες,1,0,3
3349,αἰετόν,1,0,2
3350,ἅρμασιν,1,0,10
3351,Πρίαμον,7,0,9
3352,εὕδουσι,1,0,4
3353,ἑταιρίσσαι,1,0,1
3354,ἀναΐξας,2,1,9
3355,ἀνστήσεις,1,0,1
3356,ἑκηβόλου,0,2,2
3357,φύσει,0,1,1
3358,διεπράθομέν,0,1,1
3359,ὄνησα,0,1,1
3360,λευκά,2,1,15
3361,τόξ,0,1,2
3362,ἕστορι,1,0,1
3363,νέος,2,0,7
3364,γλαυκώπιδι,1,0,6
3365,κήρυκες,0,2,19
3366,πελάσσῃ,2,0,3
3367,ἐρητύσειέ,0,1,1
3368,φίλον,14,6,193
3369,μάντι,0,1,1
3370,θάρσει,1,0,16
3371,θρασύν,2,0,14
3372,ὀνόμαζε,2,1,22
3373,πάτρῃ,1,0,1
3374,ἔκηα,0,1,2
3375,παντί,1,0,6
3376,λαμπετόωντι,0,1,2
3377,ἔκηε,1,0,4
3378,ἀμφίπολον,1,0,4
3379,Πρίαμόν,1,0,4
3380,δοῦρ,1,0,2
3381,ἄλλων,3,5,94
3382,ἔμαρπτεν,1,0,1
3383,νῦν,15,20,589
3384,ἷξεν,2,0,4
3385,ἀμφικύπελλον,0,1,14
3386,νόῳ,1,2,11
3387,ἔπειραν,0,1,5
3388,τιμήν,1,2,14
3389,ἐνθέμεναι,1,0,3
3390,θεοειδής,9,0,39
3391,πεντήκοντά,1,0,2
3392,τίσωσιν,0,1,1
3393,ἀνάσσεις,1,3,10
3394,ἁψάμενοι,1,0,2
3395,αὐτοί,1,3,96
3396,προΐαψεν,0,1,1
3397,κέλετ,1,0,3
3398,φίλε,1,1,20
3399,μέλαιναν,2,2,49
3400,τοι,29,30,774
3401,παρήμενοι,1,0,4
3402,παῖδας,1,0,9
3403,ἐπεστονάχησε,1,0,1
3404,εἰμι,3,2,27
3405,μήδεα,1,0,16
3406,τώ,9,9,221
3407,ἐνδέξια,0,1,4
3408,ὑπόδρα,1,1,26
3409,λαθών,1,0,6
3410,στόμα,1,0,20
3411,πόρον,3,0,11
3412,ἄσκοπος,2,0,2
3413,μακρά,0,1,36
3414,οὔ,16,20,475
3415,Πηλεΐωνα,1,1,25
3416,χρύσεια,1,0,12
3417,μακάρων,1,1,6
3418,μάλ,5,2,173
3419,ἀκηδέστως,1,0,2
3420,μένος,4,2,159
3421,ἠέλιον,1,1,17
3422,ἄλγεα,3,1,44
3423,κείμενον,1,0,18
3424,ἀνάσσειν,0,1,4
3425,χαλκόν,1,0,39
3426,Πηλῆος,0,1,11
3427,ἔτ,1,2,96
3428,ἰθύνεις,1,0,1
3429,ἀφνειοῖο,1,0,4
3430,ἤλυθον,1,1,19
3431,μεγάροισιν,2,1,71
3432,μαχέοιτο,0,1,1
3433,ἐπευφήμησαν,0,2,2
3434,ἀπέληγεν,1,0,1
3435,ἰέναι,6,1,62
3436,ἐποιχομένην,0,1,1
3437,φαινομένη,1,1,2
3438,μετόπισθεν,0,1,6
3439,ἐπεί,27,26,745
3440,λιγύς,0,1,5
3441,νεῦσε,0,1,5
3442,ἄπιστε,1,0,1
3443,ποτέ,0,5,41
3444,πτολίεθρον,0,1,28
3445,κάρτιστοι,0,2,2
3446,εἷός,2,0,3
3447,ἀθλεύων,1,0,1
3448,πόντον,0,1,73
3449,ἔπειθ,2,1,39
3450,Δαρδανίδην,1,0,1
3451,πυκινά,2,0,5
3452,κάθησο,0,1,2
3453,περκνόν,1,0,1
3454,γλωχῖνα,1,0,1
3455,νῆας,14,6,180
3456,ἐόντες,2,2,29
3457,ἱκάνοι,0,1,4
3458,γλαφυρῷ,1,0,6
3459,φᾶρος,1,0,20
3460,λάθρῃ,1,0,10
3461,γναμπτοῖσι,1,0,6
3462,εἰσαναβᾶσα,1,0,4
3463,δέπας,2,1,30
3464,μιμνησκόμεναι,1,0,1
3465,εὐρείῃ,3,0,15
3466,δώωσιν,0,1,1
3467,ἕβδομός,1,0,1
3468,ἐπιπείθηται,0,1,1
3469,ἄγοντι,1,0,2
3470,ἔνθεν,2,0,45
3471,Ἰδαῖος,1,0,9
3472,δῶρα,9,2,85
3473,φέρεσθαι,1,0,15
3474,πατέρι,1,0,3
3475,ἥν,1,3,101
3476,κύδεϊ,0,1,4
3477,δαινῦτό,1,0,1
3478,δάκρυον,1,0,12
3479,οὔτε,6,4,126
3480,ἀνάσσει,0,1,9
3481,μητίετα,1,2,19
3482,ἐναρίζοι,0,1,1
3483,κλισίηθεν,0,1,7
3484,δυνήσομαι,0,1,1
3485,Λῆμνον,1,0,7
3486,χρυσείην,1,0,11
3487,ἀμφηρεφέα,0,1,1
3488,σεῖο,2,0,28
3489,Ἑρμεία,1,0,4
3490,διάνδιχα,0,1,4
3491,μητέρος,1,0,7
3492,ἐμοῦ,1,0,7
3493,ἑκατόμβην,0,7,13
3494,δειλός,0,1,3
3495,ἀγίνεον,1,0,1
3496,εὐρύν,1,4,43
3497,ἀεικείην,1,0,1
3498,ὁμῶς,1,2,28
3499,εὐρύοπα,3,1,23
3500,εὐξαμένου,0,1,2
3501,μοῖρα,1,0,29
3502,χοροιτυπίῃσιν,1,0,1
3503,ἰόντα,1,1,16
3504,χαίρων,0,1,19
3505,ῥα,7,6,212
3506,κεῦθε,0,1,4
3507,ἀποσκύδμαινε,1,0,1
3508,υἱέϊ,1,0,9
3509,αὐτάρ,24,16,770
3510,δημοβόρος,0,1,1
3511,ἐθέλῃσιν,0,2,17
3512,πολέμου,1,1,25
3513,εὕδεις,1,0,5
3514,πρωτοπαγέα,1,0,1
3515,Ὄλυμπον,3,4,38
3516,ἀθανάτοιο,0,1,2
3517,ζεῦξ,1,0,1
3518,ἐνίπτοι,1,0,1
3519,πω,4,3,82
3520,ὀφθαλμοῖσιν,4,1,52
3521,Ὀδυσσεύς,0,4,309
3522,εἶξε,1,0,1
3523,σέο,1,0,21
3524,στάς,2,0,21
3525,ἄλοχός,1,0,3
3526,εἰνατέρων,1,0,3
3527,ἐϋζώνοιο,0,1,3
3528,κρειόντων,1,0,5
3529,κροκόπεπλος,1,0,4
3530,ὀπάσσομεν,1,0,1
3531,μενεαίνων,2,0,19
3532,κατέδουσιν,1,0,7
3533,θνητῷ,1,0,2
3534,Ἀπόλλων,4,8,112
3535,λόχον,1,1,12
3536,ὁπόσα,1,0,1
3537,ἠγαθέῃ,0,1,4
3538,θνητοῦ,1,0,1
3539,ἀέκοντος,0,2,5
3540,ἐστίν,2,2,59
3541,κυσίν,1,0,6
3542,ἀφίει,0,2,7
3543,θεοπροπίας,0,2,2
3544,ἡμιόνους,9,0,19
3545,ἐσσυμένους,1,0,2
3546,νείκεσσε,1,0,2
3547,διελθέμεν,1,0,3
3548,δοῖεν,1,1,10
3549,φημι,2,0,37
3550,πίμπλαντ,0,1,2
3551,Πηληϊάδεω,3,2,10
3552,περικαλλέος,0,1,5
3553,πέτρῃσιν,1,0,2
3554,ἐμάς,0,1,7
3555,ἀκηδής,1,0,2
3556,τέκμωρ,0,1,9
3557,ἀπεδέξατ,0,1,1
3558,Καινέα,0,1,1
3559,Ἀχελώϊον,1,0,1
3560,μερμήριξεν,0,1,6
3561,αἰδεῖσθαί,0,2,2
3562,μέσσαυλον,1,0,2
3563,ηὔδα,2,1,88
3564,Ἀγαμέμνονος,0,1,22
3565,ἐπαύρωνται,0,1,1
3566,νοεούσῃ,0,1,1
3567,ἐδεύετο,1,2,9
3568,κλαγγή,0,1,5
3569,πρόφρονι,1,0,4
3570,ἔσθουσ,1,0,1
3571,δικασπόλοι,0,1,1
3572,στήσαντ,0,1,1
3573,λύσασθαί,1,0,1
3574,πίθεσθε,0,1,2
3575,δωδεκάτη,1,0,1
3576,σπῆϊ,1,0,2
3577,ὄφελες,0,1,5
3578,νοήσας,2,0,8
3579,ὀλοφυρόμενοι,1,0,2
3580,χαλεποί,0,1,5
3581,κρατερῷ,1,0,6
3582,πολιῆς,0,2,17
3583,κύρεται,1,0,1
3584,ἱερῆα,0,3,3
3585,ἐύ,0,2,29
3586,ἐρύσσομεν,0,1,7
3587,ἐνῶρτο,0,1,2
3588,θεάων,2,0,39
3589,ὀχῆας,1,0,4
3590,κυάνεον,1,0,3
3591,πάντεσσι,0,1,27
3592,λίην,0,1,41
3593,σῇς,1,1,2
3594,κλέπτε,0,1,1
3595,ἐάσομεν,2,0,15
3596,καθεῦδ,0,1,1
3597,ὀχήσονται,1,0,1
3598,τάδε,2,1,80
3599,πολίων,0,1,9
3600,κολῳόν,0,1,1
3601,ἀλύων,1,0,2
3602,ἀφαιρεῖται,0,1,2
3603,τά,8,12,306
3604,εἴα,1,0,13
3605,ἐφετμέων,0,1,3
3606,πόλεμον,1,2,69
3607,ἐπέοικεν,1,0,4
3608,ἀπήχθετο,1,0,5
3609,ἐρωήσει,0,1,2
3610,ἐΐκτην,0,1,3
3611,τοῖο,4,2,25
3612,λίσσεο,1,0,1
3613,λοίγια,0,2,2
3614,καλέσειε,1,0,2
3615,ἑκηβόλος,0,2,2
3616,κόνι,1,0,2
3617,ἔχευε,1,0,5
3618,Ἄρτεμις,1,0,19
3619,Σμινθεῦ,0,1,1
3620,αὐλήν,1,0,7
3621,λυγρά,1,0,17
3622,ἀνέῳγεν,1,0,1
3623,λώϊόν,0,1,1
3624,ἑλώρια,0,1,1
3625,ἄστεος,2,0,13
3626,τιν,1,1,70
3627,ἀπόλεσσαν,0,1,1
3628,ῥά,2,1,96
3629,ῥεῖα,1,0,32
3630,ἀγαθός,0,2,59
3631,ἄειραν,1,0,7
3632,ἀμύξεις,0,1,1
3633,ἄλλῃ,0,1,19
3634,ἰκέλη,2,0,7
3635,ὀλέσσαι,1,0,4
3636,ποίπνυον,1,0,1
3637,Νιόβῃ,1,0,1
3638,ἔργον,0,1,70
3639,λιάζετο,1,0,1
3640,εἰρύσσασθαι,0,1,1
3641,ᾕρεον,2,0,4
3642,οὐτιδανοῖσιν,0,1,1
3643,ὀϊστοί,0,1,9
3644,Λητοῦς,0,1,3
3645,τετράκυκλον,1,0,1
3646,ἐννεάπηχυ,1,0,1
3647,εἷσεν,0,1,10
3648,ἕλκεα,1,0,2
3649,μοι,33,18,745
3650,ἄγε,9,6,166
3651,Κρονίων,1,1,41
3652,ζαθέην,0,2,4
3653,φωριαμῶν,1,0,1
3654,μάχαι,1,1,4
3655,βουλεύουσι,1,0,3
3656,ᾤμωξέν,1,0,5
3657,ἰάνθη,1,0,7
3658,ἔφερεν,1,0,3
3659,πέσσει,1,0,3
3660,ἵξεσθαι,1,0,7
3661,ἄξετε,1,0,2
3662,δεῦρο,1,1,40
3663,ἕψεται,1,0,3
3664,καλέσσατο,0,1,3
3665,κύνες,1,0,45
3666,ἄνδρας,2,0,43
3667,ἔβη,0,2,41
3668,ἔστω,0,1,21
3669,ἐφοπλίσσαιτε,1,0,1
3670,ἑτάρων,1,1,35
3671,πεποίθῃς,0,1,2
3672,ἀνεδύσετο,0,1,2
3673,πρόσσω,0,1,13
3674,τεύχει,0,1,1
3675,ἐμβεβαυῖα,1,0,1
3676,ἀγορεύειν,0,1,11
3677,ἔφατο,3,0,12
3678,κοίλας,1,0,14
3679,λαοῖσιν,1,0,7
3680,ἔρις,0,1,10
3681,ἀπελυμαίνοντο,0,1,1
3682,πρύμνας,0,1,1
3683,ἀθέριζον,0,1,1
3684,ἐρετμοῖς,0,1,10
3685,Βρισηΐδα,0,3,5
3686,αὖ,2,1,169
3687,τῇσιν,2,0,8
3688,σαώσεις,0,1,1
3689,καλά,3,0,117
3690,εἷς,0,1,10
3691,πολλάκι,0,1,11
3692,ὄμματ,0,1,2
3693,ἀχνυμένη,1,0,3
3694,αὐτῆμαρ,0,1,3
3695,ἐξενάριξα,1,0,1
3696,ἀλίαστον,2,0,4
3697,ἐθέλωμι,0,1,3
3698,λοιμός,0,1,1
3699,ζυγόδεσμον,1,0,1
3700,θῖν,1,3,10
3701,τάλαντα,1,0,16
3702,μοί,3,2,31
3703,ἄνακτι,2,2,26
3704,ἔειπε,1,0,39
3705,τάχ,0,1,26
3706,ὀπί,0,1,5
3707,δάκρυσιν,1,0,1
3708,δακρύσας,0,1,3
3709,κλαίεις,0,1,3
3710,πένοντο,0,1,6
3711,ἐθέλῃσθα,1,1,18
3712,πομπόν,3,0,5
3713,Αὐτομέδων,3,0,14
3714,καλύψαντες,1,0,1
3715,τοῖον,1,0,33
3716,ἴσχεο,0,1,8
3717,θοάς,2,2,17
3718,ἱέρευτο,1,0,1
3719,ἔστησαν,0,1,6
3720,χαμᾶζε,1,0,29
3721,φώνησέν,3,1,34
3722,τάπητας,2,0,6
3723,φράσαι,0,1,4
3724,ἀλλ,36,24,935
3725,ὄροφον,1,0,1
3726,ἀναβάντες,0,1,8
3727,δύνασαί,0,1,2
3728,τοῖς,1,2,62
3729,κελαινεφέϊ,1,1,4
3730,ἔσταν,1,1,16
3731,ἔτεκεν,1,0,5
3732,ὄψίν,1,0,1
3733,θέμεναι,1,0,7
3734,ὀλοιῇσι,0,1,1
3735,ἀνδρῶν,5,8,336
3736,γε,22,17,627
3737,ἀνιστάμενος,0,1,3
3738,υἷας,4,1,35
3739,Ἀχιλλῆος,4,1,29
3740,μείδησεν,0,1,12
3741,ἄγρια,1,0,4
3742,στυγέῃ,0,1,1
3743,τίθει,0,4,32
3744,λαοί,2,2,47
3745,ὄρεσσι,0,1,5
3746,οἰωνοί,1,0,9
3747,δόμεναι,0,2,23
3748,σῇ,1,0,15
3749,γεραιέ,3,0,13
3750,Ζῆν,1,0,8
3751,ἐείκοσιν,0,1,7
3752,λάχομεν,1,0,2
3753,ὄχθησαν,0,1,2
3754,χερσί,0,3,87
3755,ἐμούς,1,1,3
3756,μολπῇ,0,1,3
3757,πρόσθ,1,0,23
3758,ἐργάζοιο,1,0,1
3759,ἀδελφεόν,1,0,8
3760,ἔσθων,1,0,3
3761,χεῖρα,3,1,26
3762,Ἀχιλῆϊ,5,1,34
3763,βαρύ,0,1,10
3764,διαπρήσσουσα,0,1,2
3765,ἄτιμος,0,1,1
3766,κιόντα,1,0,7
3767,δύω,1,2,92
3768,ἐμνήσατο,1,0,1
3769,φάανθεν,0,1,1
3770,ἀνόρουσε,0,1,10
3771,ἀνά,2,8,138
3772,Τρῶας,1,0,69
3773,ὥς,39,24,1438
3774,κρέα,1,0,23
3775,φῆ,1,0,10
3776,λωβήσαιο,0,1,2
3777,ὄρεξας,1,0,1
3778,κακῶς,0,2,21
3779,καρτερός,0,2,14
3780,Δαρδανίδης,1,0,4
3781,ἀπολέσθαι,0,1,17
3782,Ἀπόλλωνος,0,4,17
3783,ἀντιφέρεσθαι,0,1,3
3784,ἐμή,0,1,18
3785,ὄρσε,0,1,2
3786,τάρπησαν,1,0,5
3787,ἐθέλεις,2,1,35
3788,πίπτωσι,0,1,2
3789,ἔργῳ,0,2,8
3790,ἴκμενον,0,1,5
3791,τάφον,2,0,6
3792,Βρισῆος,0,1,3
3793,θυμοῦ,0,1,15
3794,Ἴμβρον,1,0,1
3795,δερκομένοιο,0,1,2
3796,ἔκλυον,0,1,11
3797,σφίσιν,0,1,13
3798,τετιμένος,1,0,2
3799,ἄγγελος,3,0,20
3800,Ἰδαίῳ,1,0,1
3801,κραδίῃ,1,0,6
3802,ζεύγνυσαν,1,0,1
3803,δαίμονας,0,1,1
3804,δεξιτερῇ,0,1,5
3805,ὅσσον,2,2,43
3806,καπνῷ,0,1,2
3807,ὅπως,1,1,55
3808,αἰσυμνητῆρι,1,0,1
3809,θνῇσκον,0,1,1
3810,ἑκηβόλῳ,0,1,4
3811,εἰσανιδών,1,0,2
3812,εὐχωλῆς,0,2,2
3813,πολεμίζων,0,1,2
3814,σφωϊν,0,1,6
3815,κράτος,2,1,28
3816,ἄγγελοι,0,1,2
3817,Κίλλάν,0,1,1
3818,τῖσον,0,1,1
3819,Ἱππόθοον,1,0,1
3820,δόρπα,1,0,2
3821,τε,84,62,2650
3822,ἕκαστοι,1,0,9
3823,ἐριούνιον,1,0,1
3824,ἐΰτροχον,5,0,7
3825,ἄργυφον,1,0,1
3826,ἀργυρέοιο,1,1,8
3827,πολύστονα,0,1,1
3828,τέτληκας,0,2,2
3829,καθέζετ,0,1,6
3830,ξυνδῆσαι,0,1,1
3831,ὠκέα,3,0,20
3832,ἀγλά,0,1,2
3833,ἦδος,0,1,5
3834,ὀρώρει,1,0,26
3835,γούνων,1,4,25
3836,ταῦτά,2,1,25
3837,ἐσκίδναντ,1,0,1
3838,σοί,7,11,167
3839,δηρόν,1,0,38
3840,δίεπ,1,0,1
3841,μαρναμένοιϊν,0,1,1
3842,ἀγαθῷ,1,0,1
3843,πεπάσμην,1,0,1
3844,φέροι,1,0,12
3845,ἀπήνην,2,0,4
3846,ἀνέσταν,0,1,5
3847,δείσητ,1,0,1
3848,ἀνάρσιοι,1,0,6
3849,Δρύαντά,0,1,1
3850,ἅ,0,2,43
3851,ἡγεῖτ,1,0,2
3852,ἀμφίεπον,1,0,1
3853,πῶς,2,2,43
3854,χόλον,1,3,24
3855,ἑκάστῳ,0,1,35
3856,Ἀχαιοῖσιν,1,2,11
3857,δῆμος,1,0,7
3858,ἀπονέοντο,1,0,3
3859,φάνη,1,1,28
3860,ὀνόσασθ,1,0,1
3861,μαχόμην,0,1,2
3862,εἰν,1,0,36
3863,θάνατόν,0,1,13
3864,χλαίνῃ,1,0,1
3865,δῖαν,1,1,38
3866,ἀγχιμόλοιο,1,0,1
3867,εἰσί,1,0,19
3868,κούρης,0,3,13
3869,οὐρανόν,2,2,67
3870,σῷ,1,0,26
3871,πονέοντο,1,0,7
3872,ἀάπτους,0,1,11
3873,κρίκον,1,0,1
3874,πρῆξις,1,0,4
3875,καταδύντα,1,1,12
3876,αὐτῷ,5,0,166
3877,ὑψηλήν,1,0,8
3878,κῆρα,1,0,34
3879,ὁμοίης,0,1,1
3880,τοιόνδ,1,0,1
3881,ἀέκοντε,0,1,10
3882,πρόες,0,1,3
3883,κνίση,0,1,2
3884,με,13,8,293
3885,εὐχομένης,0,1,1
3886,ποντοπόροιο,0,1,4
3887,θάλασσά,0,1,1
3888,ἔλεον,1,0,1
3889,ὁρόω,1,0,7
3890,Πειρίθοόν,0,1,2
3891,Ἀντίφονόν,1,0,1
3892,ἔλυσεν,1,0,8
3893,ἠοῖ,1,0,15
3894,λύσω,0,1,4
3895,δώμασιν,2,0,6
3896,δαίνυ,1,0,4
3897,ἴδῃ,1,1,9
3898,πείθεο,0,1,2
3899,ὀμοῦμαι,0,1,4
3900,λίπεν,1,0,13
3901,ἀΐξασαι,1,0,1
3902,βοήν,1,0,53
3903,ἱκέτην,1,0,3
3904,ἔστ,1,0,21
3905,ἄριστον,2,2,26
3906,θέλγει,1,0,5
3907,ὤϊξε,1,0,2
3908,κεῖθεν,1,0,11
3909,ἱλασσάμενοι,0,1,1
3910,μηρί,1,1,11
3911,σπερχόμενος,1,0,3
3912,κυδιάνειραν,0,1,5
3913,ἐοικώς,1,1,27
3914,πείρων,1,0,4
3915,χαλεπήνῃ,1,0,7
3916,δεινή,0,1,14
3917,ἄμμι,0,1,16
3918,θάπτοιμεν,1,0,1
3919,γίγνεται,1,0,24
3920,ἔπος,9,5,158
3921,δεπάεσσιν,0,1,10
3922,τετύκοντό,0,1,6
3923,μάρνασθαι,1,0,9
3924,φαῖμεν,1,0,2
3925,ἐξῆρχε,2,0,7
3926,ἐπέεσσι,3,1,54
3927,Χρυσηΐς,0,1,1
3928,πείθηται,0,1,1
3929,κώκυσεν,1,0,3
3930,λαῷ,0,1,2
3931,ἀγών,1,0,1
3932,ὅθι,1,0,90
3933,πυθοίατο,0,1,1
3934,στενάχοντο,2,0,10
3935,ἔγωγ,0,1,13
3936,μέλιτος,0,1,3
3937,ᾔνησ,1,0,1
3938,ὕστερον,0,1,15
3939,τράφεν,0,2,4
3940,ἔπνευσ,1,0,1
3941,ἐπιρρήσσεσκε,1,0,1
3942,προσηύδα,2,2,163
3943,ἰδών,5,2,119
3944,μιαρός,1,0,1
3945,τλαίη,1,0,3
3946,βένθεσσιν,0,1,2
3947,μυρόμενοι,1,0,3
3948,θάλαμον,1,0,21
3949,ὁδοιπόρον,1,0,1
3950,μέγα,5,8,306
3951,εἰλάτινος,1,0,1
3952,οἰωνόν,2,0,4
3953,Μάκαρος,1,0,1
3954,ἐδηλήσαντ,0,1,5
3955,ἴδοντο,1,0,4
3956,ἐθέλει,1,2,13
3957,γαίῃ,0,1,45
3958,γήθησαν,1,0,2
3959,κῦδος,1,1,73
